TIMESTAMP, SERIAL NUMBER, SMART CARD UID, UID, KEY SLOT INDEX, ERROR, VERIFICATION RESULT
2023-09-22 08:24:00.489 GMT,23092200500K006N,AF:15:2E:1D:00:00:00:00,00:00:01:00:12:34:12:34:12:34:56:78:FF:FF:FF,MASTER_ECU_KEY,No Error [code=0x00],Not Applicable (M1-M2-M3 Generation)
2023-09-22 08:24:00.627 GMT,23092200500K006N,AF:15:2E:1D:00:00:00:00,00:00:01:00:12:34:12:34:12:34:56:78:FF:FF:FF,BOOT_MAC_KEY,No Error [code=0x00],Not Applicable (M1-M2-M3 Generation)
2023-09-22 08:24:01.027 GMT,23092200500K006N,AF:15:2E:1D:00:00:00:00,00:00:01:00:12:34:12:34:12:34:56:78:FF:FF:FF,KEY_1,No Error [code=0x00],Not Applicable (M1-M2-M3 Generation)
2023-09-22 08:24:01.413 GMT,23092200500K006N,AF:15:2E:1D:00:00:00:00,00:00:01:00:12:34:12:34:12:34:56:78:FF:FF:FF,KEY_2,No Error [code=0x00],Not Applicable (M1-M2-M3 Generation)
2023-09-22 08:24:01.815 GMT,23092200500K006N,AF:15:2E:1D:00:00:00:00,00:00:01:00:12:34:12:34:12:34:56:78:FF:FF:FF,KEY_3,No Error [code=0x00],Not Applicable (M1-M2-M3 Generation)
2023-09-22 08:24:02.214 GMT,23092200500K006N,AF:15:2E:1D:00:00:00:00,00:00:01:00:12:34:12:34:12:34:56:78:FF:FF:FF,KEY_4,No Error [code=0x00],Not Applicable (M1-M2-M3 Generation)
2023-09-22 08:24:02.616 GMT,23092200500K006N,AF:15:2E:1D:00:00:00:00,00:00:01:00:12:34:12:34:12:34:56:78:FF:FF:FF,KEY_5,No Error [code=0x00],Not Applicable (M1-M2-M3 Generation)
2023-09-22 08:24:03.014 GMT,23092200500K006N,AF:15:2E:1D:00:00:00:00,00:00:01:00:12:34:12:34:12:34:56:78:FF:FF:FF,KEY_6,No Error [code=0x00],Not Applicable (M1-M2-M3 Generation)
2023-09-22 08:24:03.401 GMT,23092200500K006N,AF:15:2E:1D:00:00:00:00,00:00:01:00:12:34:12:34:12:34:56:78:FF:FF:FF,KEY_7,No Error [code=0x00],Not Applicable (M1-M2-M3 Generation)
2023-09-22 08:24:03.819 GMT,23092200500K006N,AF:15:2E:1D:00:00:00:00,00:00:01:00:12:34:12:34:12:34:56:78:FF:FF:FF,KEY_8,No Error [code=0x00],Not Applicable (M1-M2-M3 Generation)
2023-09-22 08:24:03.930 GMT,23092200500K006N,AF:15:2E:1D:00:00:00:00,00:00:01:00:12:34:12:34:12:34:56:78:FF:FF:FF,KEY_9,No Error [code=0x00],Not Applicable (M1-M2-M3 Generation)
2023-09-22 08:24:04.341 GMT,23092200500K006N,AF:15:2E:1D:00:00:00:00,00:00:01:00:12:34:12:34:12:34:56:78:FF:FF:FF,KEY_10,No Error [code=0x00],Not Applicable (M1-M2-M3 Generation)
2023-09-22 08:24:04.741 GMT,23092200500K006N,AF:15:2E:1D:00:00:00:00,00:00:01:00:12:34:12:34:12:34:56:78:FF:FF:FF,KEY_11,No Error [code=0x00],Not Applicable (M1-M2-M3 Generation)
2023-09-22 08:24:04.881 GMT,23092200500K006N,AF:15:2E:1D:00:00:00:00,00:00:01:00:12:34:12:34:12:34:56:78:FF:FF:FF,KEY_12,No Error [code=0x00],Not Applicable (M1-M2-M3 Generation)
2023-09-22 08:24:05.035 GMT,23092200500K006N,AF:15:2E:1D:00:00:00:00,00:00:01:00:12:34:12:34:12:34:56:78:FF:FF:FF,KEY_13,No Error [code=0x00],Not Applicable (M1-M2-M3 Generation)
2023-09-22 08:24:05.418 GMT,23092200500K006N,AF:15:2E:1D:00:00:00:00,00:00:01:00:12:34:12:34:12:34:56:78:FF:FF:FF,KEY_14,No Error [code=0x00],Not Applicable (M1-M2-M3 Generation)
2023-09-22 08:24:05.788 GMT,23092200500K006N,AF:15:2E:1D:00:00:00:00,00:00:01:00:12:34:12:34:12:34:56:78:FF:FF:FF,KEY_15,No Error [code=0x00],Not Applicable (M1-M2-M3 Generation)
2023-09-22 08:24:06.142 GMT,23092200500K006N,AF:15:2E:1D:00:00:00:00,00:00:01:00:12:34:12:34:12:34:56:78:FF:FF:FF,KEY_16,No Error [code=0x00],Not Applicable (M1-M2-M3 Generation)
2023-09-22 08:24:06.465 GMT,23092200500K006N,AF:15:2E:1D:00:00:00:00,00:00:01:00:12:34:12:34:12:34:56:78:FF:FF:FF,KEY_17,No Error [code=0x00],Not Applicable (M1-M2-M3 Generation)
2023-09-22 08:24:19.863 GMT,23092200500K006N,AF:15:2E:1D:00:00:00:00,00:00:01:00:12:34:12:34:12:34:56:78:FF:FF:FF,MASTER_ECU_KEY,No Error [code=0x00],Verification Succeeded
2023-09-22 08:24:19.864 GMT,23092200500K006N,AF:15:2E:1D:00:00:00:00,00:00:01:00:12:34:12:34:12:34:56:78:FF:FF:FF,BOOT_MAC_KEY,No Error [code=0x00],Verification Succeeded
2023-09-22 08:24:19.865 GMT,23092200500K006N,AF:15:2E:1D:00:00:00:00,00:00:01:00:12:34:12:34:12:34:56:78:FF:FF:FF,KEY_1,No Error [code=0x00],Verification Succeeded
2023-09-22 08:24:19.866 GMT,23092200500K006N,AF:15:2E:1D:00:00:00:00,00:00:01:00:12:34:12:34:12:34:56:78:FF:FF:FF,KEY_2,No Error [code=0x00],Verification Succeeded
2023-09-22 08:24:19.867 GMT,23092200500K006N,AF:15:2E:1D:00:00:00:00,00:00:01:00:12:34:12:34:12:34:56:78:FF:FF:FF,KEY_3,No Error [code=0x00],Verification Succeeded
2023-09-22 08:24:19.868 GMT,23092200500K006N,AF:15:2E:1D:00:00:00:00,00:00:01:00:12:34:12:34:12:34:56:78:FF:FF:FF,KEY_4,No Error [code=0x00],Verification Succeeded
2023-09-22 08:24:19.869 GMT,23092200500K006N,AF:15:2E:1D:00:00:00:00,00:00:01:00:12:34:12:34:12:34:56:78:FF:FF:FF,KEY_5,No Error [code=0x00],Verification Succeeded
2023-09-22 08:24:19.870 GMT,23092200500K006N,AF:15:2E:1D:00:00:00:00,00:00:01:00:12:34:12:34:12:34:56:78:FF:FF:FF,KEY_6,No Error [code=0x00],Verification Succeeded
2023-09-22 08:24:19.871 GMT,23092200500K006N,AF:15:2E:1D:00:00:00:00,00:00:01:00:12:34:12:34:12:34:56:78:FF:FF:FF,KEY_7,No Error [code=0x00],Verification Succeeded
2023-09-22 08:24:19.872 GMT,23092200500K006N,AF:15:2E:1D:00:00:00:00,00:00:01:00:12:34:12:34:12:34:56:78:FF:FF:FF,KEY_8,No Error [code=0x00],Verification Succeeded
2023-09-22 08:24:19.874 GMT,23092200500K006N,AF:15:2E:1D:00:00:00:00,00:00:01:00:12:34:12:34:12:34:56:78:FF:FF:FF,KEY_9,No Error [code=0x00],Verification Succeeded
2023-09-22 08:24:19.875 GMT,23092200500K006N,AF:15:2E:1D:00:00:00:00,00:00:01:00:12:34:12:34:12:34:56:78:FF:FF:FF,KEY_10,No Error [code=0x00],Verification Succeeded
2023-09-22 08:24:19.877 GMT,23092200500K006N,AF:15:2E:1D:00:00:00:00,00:00:01:00:12:34:12:34:12:34:56:78:FF:FF:FF,KEY_11,No Error [code=0x00],Verification Succeeded
2023-09-22 08:24:19.877 GMT,23092200500K006N,AF:15:2E:1D:00:00:00:00,00:00:01:00:12:34:12:34:12:34:56:78:FF:FF:FF,KEY_12,No Error [code=0x00],Verification Succeeded
2023-09-22 08:24:19.879 GMT,23092200500K006N,AF:15:2E:1D:00:00:00:00,00:00:01:00:12:34:12:34:12:34:56:78:FF:FF:FF,KEY_13,No Error [code=0x00],Verification Succeeded
2023-09-22 08:24:19.880 GMT,23092200500K006N,AF:15:2E:1D:00:00:00:00,00:00:01:00:12:34:12:34:12:34:56:78:FF:FF:FF,KEY_14,No Error [code=0x00],Verification Succeeded
2023-09-22 08:24:19.881 GMT,23092200500K006N,AF:15:2E:1D:00:00:00:00,00:00:01:00:12:34:12:34:12:34:56:78:FF:FF:FF,KEY_15,No Error [code=0x00],Verification Succeeded
2023-09-22 08:24:19.882 GMT,23092200500K006N,AF:15:2E:1D:00:00:00:00,00:00:01:00:12:34:12:34:12:34:56:78:FF:FF:FF,KEY_16,No Error [code=0x00],Verification Succeeded
2023-09-22 08:24:19.884 GMT,23092200500K006N,AF:15:2E:1D:00:00:00:00,00:00:01:00:12:34:12:34:12:34:56:78:FF:FF:FF,KEY_17,No Error [code=0x00],Verification Succeeded
2023-09-22 08:32:42.749 GMT,23092200500L006N,AF:15:2E:1D:00:00:00:00,00:00:01:00:12:34:12:34:12:34:56:78:FF:FF:FF,MASTER_ECU_KEY,No Error [code=0x00],Not Applicable (M1-M2-M3 Generation)
2023-09-22 08:32:42.889 GMT,23092200500L006N,AF:15:2E:1D:00:00:00:00,00:00:01:00:12:34:12:34:12:34:56:78:FF:FF:FF,BOOT_MAC_KEY,No Error [code=0x00],Not Applicable (M1-M2-M3 Generation)
2023-09-22 08:32:43.276 GMT,23092200500L006N,AF:15:2E:1D:00:00:00:00,00:00:01:00:12:34:12:34:12:34:56:78:FF:FF:FF,KEY_1,No Error [code=0x00],Not Applicable (M1-M2-M3 Generation)
2023-09-22 08:32:43.677 GMT,23092200500L006N,AF:15:2E:1D:00:00:00:00,00:00:01:00:12:34:12:34:12:34:56:78:FF:FF:FF,KEY_2,No Error [code=0x00],Not Applicable (M1-M2-M3 Generation)
2023-09-22 08:32:44.078 GMT,23092200500L006N,AF:15:2E:1D:00:00:00:00,00:00:01:00:12:34:12:34:12:34:56:78:FF:FF:FF,KEY_3,No Error [code=0x00],Not Applicable (M1-M2-M3 Generation)
2023-09-22 08:32:44.494 GMT,23092200500L006N,AF:15:2E:1D:00:00:00:00,00:00:01:00:12:34:12:34:12:34:56:78:FF:FF:FF,KEY_4,No Error [code=0x00],Not Applicable (M1-M2-M3 Generation)
2023-09-22 08:32:44.879 GMT,23092200500L006N,AF:15:2E:1D:00:00:00:00,00:00:01:00:12:34:12:34:12:34:56:78:FF:FF:FF,KEY_5,No Error [code=0x00],Not Applicable (M1-M2-M3 Generation)
2023-09-22 08:32:45.279 GMT,23092200500L006N,AF:15:2E:1D:00:00:00:00,00:00:01:00:12:34:12:34:12:34:56:78:FF:FF:FF,KEY_6,No Error [code=0x00],Not Applicable (M1-M2-M3 Generation)
2023-09-22 08:32:45.679 GMT,23092200500L006N,AF:15:2E:1D:00:00:00:00,00:00:01:00:12:34:12:34:12:34:56:78:FF:FF:FF,KEY_7,No Error [code=0x00],Not Applicable (M1-M2-M3 Generation)
2023-09-22 08:32:46.079 GMT,23092200500L006N,AF:15:2E:1D:00:00:00:00,00:00:01:00:12:34:12:34:12:34:56:78:FF:FF:FF,KEY_8,No Error [code=0x00],Not Applicable (M1-M2-M3 Generation)
2023-09-22 08:32:46.189 GMT,23092200500L006N,AF:15:2E:1D:00:00:00:00,00:00:01:00:12:34:12:34:12:34:56:78:FF:FF:FF,KEY_9,No Error [code=0x00],Not Applicable (M1-M2-M3 Generation)
2023-09-22 08:32:46.585 GMT,23092200500L006N,AF:15:2E:1D:00:00:00:00,00:00:01:00:12:34:12:34:12:34:56:78:FF:FF:FF,KEY_10,No Error [code=0x00],Not Applicable (M1-M2-M3 Generation)
2023-09-22 08:32:46.970 GMT,23092200500L006N,AF:15:2E:1D:00:00:00:00,00:00:01:00:12:34:12:34:12:34:56:78:FF:FF:FF,KEY_11,No Error [code=0x00],Not Applicable (M1-M2-M3 Generation)
2023-09-22 08:32:47.126 GMT,23092200500L006N,AF:15:2E:1D:00:00:00:00,00:00:01:00:12:34:12:34:12:34:56:78:FF:FF:FF,KEY_12,No Error [code=0x00],Not Applicable (M1-M2-M3 Generation)
2023-09-22 08:32:47.263 GMT,23092200500L006N,AF:15:2E:1D:00:00:00:00,00:00:01:00:12:34:12:34:12:34:56:78:FF:FF:FF,KEY_13,No Error [code=0x00],Not Applicable (M1-M2-M3 Generation)
2023-09-22 08:32:47.648 GMT,23092200500L006N,AF:15:2E:1D:00:00:00:00,00:00:01:00:12:34:12:34:12:34:56:78:FF:FF:FF,KEY_14,No Error [code=0x00],Not Applicable (M1-M2-M3 Generation)
2023-09-22 08:32:48.017 GMT,23092200500L006N,AF:15:2E:1D:00:00:00:00,00:00:01:00:12:34:12:34:12:34:56:78:FF:FF:FF,KEY_15,No Error [code=0x00],Not Applicable (M1-M2-M3 Generation)
2023-09-22 08:32:48.356 GMT,23092200500L006N,AF:15:2E:1D:00:00:00:00,00:00:01:00:12:34:12:34:12:34:56:78:FF:FF:FF,KEY_16,No Error [code=0x00],Not Applicable (M1-M2-M3 Generation)
2023-09-22 08:32:48.678 GMT,23092200500L006N,AF:15:2E:1D:00:00:00:00,00:00:01:00:12:34:12:34:12:34:56:78:FF:FF:FF,KEY_17,No Error [code=0x00],Not Applicable (M1-M2-M3 Generation)
2023-09-22 08:33:09.396 GMT,23092200500L006N,AF:15:2E:1D:00:00:00:00,00:00:01:00:12:34:12:34:12:34:56:78:FF:FF:FF,MASTER_ECU_KEY,No Error [code=0x00],Verification Succeeded
2023-09-22 08:33:09.397 GMT,23092200500L006N,AF:15:2E:1D:00:00:00:00,00:00:01:00:12:34:12:34:12:34:56:78:FF:FF:FF,BOOT_MAC_KEY,No Error [code=0x00],Verification Succeeded
2023-09-22 08:33:09.398 GMT,23092200500L006N,AF:15:2E:1D:00:00:00:00,00:00:01:00:12:34:12:34:12:34:56:78:FF:FF:FF,KEY_1,No Error [code=0x00],Verification Succeeded
2023-09-22 08:33:09.399 GMT,23092200500L006N,AF:15:2E:1D:00:00:00:00,00:00:01:00:12:34:12:34:12:34:56:78:FF:FF:FF,KEY_2,No Error [code=0x00],Verification Succeeded
2023-09-22 08:33:09.400 GMT,23092200500L006N,AF:15:2E:1D:00:00:00:00,00:00:01:00:12:34:12:34:12:34:56:78:FF:FF:FF,KEY_3,No Error [code=0x00],Verification Succeeded
2023-09-22 08:33:09.401 GMT,23092200500L006N,AF:15:2E:1D:00:00:00:00,00:00:01:00:12:34:12:34:12:34:56:78:FF:FF:FF,KEY_4,No Error [code=0x00],Verification Succeeded
2023-09-22 08:33:09.402 GMT,23092200500L006N,AF:15:2E:1D:00:00:00:00,00:00:01:00:12:34:12:34:12:34:56:78:FF:FF:FF,KEY_5,No Error [code=0x00],Verification Succeeded
2023-09-22 08:33:09.403 GMT,23092200500L006N,AF:15:2E:1D:00:00:00:00,00:00:01:00:12:34:12:34:12:34:56:78:FF:FF:FF,KEY_6,No Error [code=0x00],Verification Succeeded
2023-09-22 08:33:09.404 GMT,23092200500L006N,AF:15:2E:1D:00:00:00:00,00:00:01:00:12:34:12:34:12:34:56:78:FF:FF:FF,KEY_7,No Error [code=0x00],Verification Succeeded
2023-09-22 08:33:09.405 GMT,23092200500L006N,AF:15:2E:1D:00:00:00:00,00:00:01:00:12:34:12:34:12:34:56:78:FF:FF:FF,KEY_8,No Error [code=0x00],Verification Succeeded
2023-09-22 08:33:09.406 GMT,23092200500L006N,AF:15:2E:1D:00:00:00:00,00:00:01:00:12:34:12:34:12:34:56:78:FF:FF:FF,KEY_9,No Error [code=0x00],Verification Succeeded
2023-09-22 08:33:09.407 GMT,23092200500L006N,AF:15:2E:1D:00:00:00:00,00:00:01:00:12:34:12:34:12:34:56:78:FF:FF:FF,KEY_10,No Error [code=0x00],Verification Succeeded
2023-09-22 08:33:09.407 GMT,23092200500L006N,AF:15:2E:1D:00:00:00:00,00:00:01:00:12:34:12:34:12:34:56:78:FF:FF:FF,KEY_11,No Error [code=0x00],Verification Succeeded
2023-09-22 08:33:09.409 GMT,23092200500L006N,AF:15:2E:1D:00:00:00:00,00:00:01:00:12:34:12:34:12:34:56:78:FF:FF:FF,KEY_12,No Error [code=0x00],Verification Succeeded
2023-09-22 08:33:09.410 GMT,23092200500L006N,AF:15:2E:1D:00:00:00:00,00:00:01:00:12:34:12:34:12:34:56:78:FF:FF:FF,KEY_13,No Error [code=0x00],Verification Succeeded
2023-09-22 08:33:09.410 GMT,23092200500L006N,AF:15:2E:1D:00:00:00:00,00:00:01:00:12:34:12:34:12:34:56:78:FF:FF:FF,KEY_14,No Error [code=0x00],Verification Succeeded
2023-09-22 08:33:09.412 GMT,23092200500L006N,AF:15:2E:1D:00:00:00:00,00:00:01:00:12:34:12:34:12:34:56:78:FF:FF:FF,KEY_15,No Error [code=0x00],Verification Succeeded
2023-09-22 08:33:09.413 GMT,23092200500L006N,AF:15:2E:1D:00:00:00:00,00:00:01:00:12:34:12:34:12:34:56:78:FF:FF:FF,KEY_16,No Error [code=0x00],Verification Succeeded
2023-09-22 08:33:09.414 GMT,23092200500L006N,AF:15:2E:1D:00:00:00:00,00:00:01:00:12:34:12:34:12:34:56:78:FF:FF:FF,KEY_17,No Error [code=0x00],Verification Succeeded
2023-09-22 08:38:49.346 GMT,23092200500M006N,AF:15:2E:1D:00:00:00:00,00:00:01:00:12:34:12:34:12:34:56:78:FF:FF:FF,MASTER_ECU_KEY,No Error [code=0x00],Not Applicable (M1-M2-M3 Generation)
2023-09-22 08:38:49.501 GMT,23092200500M006N,AF:15:2E:1D:00:00:00:00,00:00:01:00:12:34:12:34:12:34:56:78:FF:FF:FF,BOOT_MAC_KEY,No Error [code=0x00],Not Applicable (M1-M2-M3 Generation)
2023-09-22 08:38:49.886 GMT,23092200500M006N,AF:15:2E:1D:00:00:00:00,00:00:01:00:12:34:12:34:12:34:56:78:FF:FF:FF,KEY_1,No Error [code=0x00],Not Applicable (M1-M2-M3 Generation)
2023-09-22 08:38:50.287 GMT,23092200500M006N,AF:15:2E:1D:00:00:00:00,00:00:01:00:12:34:12:34:12:34:56:78:FF:FF:FF,KEY_2,No Error [code=0x00],Not Applicable (M1-M2-M3 Generation)
2023-09-22 08:38:50.688 GMT,23092200500M006N,AF:15:2E:1D:00:00:00:00,00:00:01:00:12:34:12:34:12:34:56:78:FF:FF:FF,KEY_3,No Error [code=0x00],Not Applicable (M1-M2-M3 Generation)
2023-09-22 08:38:51.087 GMT,23092200500M006N,AF:15:2E:1D:00:00:00:00,00:00:01:00:12:34:12:34:12:34:56:78:FF:FF:FF,KEY_4,No Error [code=0x00],Not Applicable (M1-M2-M3 Generation)
2023-09-22 08:38:51.473 GMT,23092200500M006N,AF:15:2E:1D:00:00:00:00,00:00:01:00:12:34:12:34:12:34:56:78:FF:FF:FF,KEY_5,No Error [code=0x00],Not Applicable (M1-M2-M3 Generation)
2023-09-22 08:38:51.874 GMT,23092200500M006N,AF:15:2E:1D:00:00:00:00,00:00:01:00:12:34:12:34:12:34:56:78:FF:FF:FF,KEY_6,No Error [code=0x00],Not Applicable (M1-M2-M3 Generation)
2023-09-22 08:38:52.274 GMT,23092200500M006N,AF:15:2E:1D:00:00:00:00,00:00:01:00:12:34:12:34:12:34:56:78:FF:FF:FF,KEY_7,No Error [code=0x00],Not Applicable (M1-M2-M3 Generation)
2023-09-22 08:38:52.674 GMT,23092200500M006N,AF:15:2E:1D:00:00:00:00,00:00:01:00:12:34:12:34:12:34:56:78:FF:FF:FF,KEY_8,No Error [code=0x00],Not Applicable (M1-M2-M3 Generation)
2023-09-22 08:38:52.784 GMT,23092200500M006N,AF:15:2E:1D:00:00:00:00,00:00:01:00:12:34:12:34:12:34:56:78:FF:FF:FF,KEY_9,No Error [code=0x00],Not Applicable (M1-M2-M3 Generation)
2023-09-22 08:38:53.181 GMT,23092200500M006N,AF:15:2E:1D:00:00:00:00,00:00:01:00:12:34:12:34:12:34:56:78:FF:FF:FF,KEY_10,No Error [code=0x00],Not Applicable (M1-M2-M3 Generation)
2023-09-22 08:38:53.580 GMT,23092200500M006N,AF:15:2E:1D:00:00:00:00,00:00:01:00:12:34:12:34:12:34:56:78:FF:FF:FF,KEY_11,No Error [code=0x00],Not Applicable (M1-M2-M3 Generation)
2023-09-22 08:38:53.719 GMT,23092200500M006N,AF:15:2E:1D:00:00:00:00,00:00:01:00:12:34:12:34:12:34:56:78:FF:FF:FF,KEY_12,No Error [code=0x00],Not Applicable (M1-M2-M3 Generation)
2023-09-22 08:38:53.858 GMT,23092200500M006N,AF:15:2E:1D:00:00:00:00,00:00:01:00:12:34:12:34:12:34:56:78:FF:FF:FF,KEY_13,No Error [code=0x00],Not Applicable (M1-M2-M3 Generation)
2023-09-22 08:38:54.241 GMT,23092200500M006N,AF:15:2E:1D:00:00:00:00,00:00:01:00:12:34:12:34:12:34:56:78:FF:FF:FF,KEY_14,No Error [code=0x00],Not Applicable (M1-M2-M3 Generation)
2023-09-22 08:38:54.611 GMT,23092200500M006N,AF:15:2E:1D:00:00:00:00,00:00:01:00:12:34:12:34:12:34:56:78:FF:FF:FF,KEY_15,No Error [code=0x00],Not Applicable (M1-M2-M3 Generation)
2023-09-22 08:38:54.950 GMT,23092200500M006N,AF:15:2E:1D:00:00:00:00,00:00:01:00:12:34:12:34:12:34:56:78:FF:FF:FF,KEY_16,No Error [code=0x00],Not Applicable (M1-M2-M3 Generation)
2023-09-22 08:38:55.275 GMT,23092200500M006N,AF:15:2E:1D:00:00:00:00,00:00:01:00:12:34:12:34:12:34:56:78:FF:FF:FF,KEY_17,No Error [code=0x00],Not Applicable (M1-M2-M3 Generation)
2023-09-22 08:38:55.631 GMT,23092200500M006N,AF:15:2E:1D:00:00:00:00,00:00:01:00:12:34:12:34:12:34:56:78:FF:FF:FF,MASTER_ECU_KEY,No Error [code=0x00],Verification Succeeded
2023-09-22 08:38:55.632 GMT,23092200500M006N,AF:15:2E:1D:00:00:00:00,00:00:01:00:12:34:12:34:12:34:56:78:FF:FF:FF,BOOT_MAC_KEY,No Error [code=0x00],Verification Succeeded
2023-09-22 08:38:55.633 GMT,23092200500M006N,AF:15:2E:1D:00:00:00:00,00:00:01:00:12:34:12:34:12:34:56:78:FF:FF:FF,KEY_1,No Error [code=0x00],Verification Succeeded
2023-09-22 08:38:55.634 GMT,23092200500M006N,AF:15:2E:1D:00:00:00:00,00:00:01:00:12:34:12:34:12:34:56:78:FF:FF:FF,KEY_2,No Error [code=0x00],Verification Succeeded
2023-09-22 08:38:55.635 GMT,23092200500M006N,AF:15:2E:1D:00:00:00:00,00:00:01:00:12:34:12:34:12:34:56:78:FF:FF:FF,KEY_3,No Error [code=0x00],Verification Succeeded
2023-09-22 08:38:55.637 GMT,23092200500M006N,AF:15:2E:1D:00:00:00:00,00:00:01:00:12:34:12:34:12:34:56:78:FF:FF:FF,KEY_4,No Error [code=0x00],Verification Succeeded
2023-09-22 08:38:55.637 GMT,23092200500M006N,AF:15:2E:1D:00:00:00:00,00:00:01:00:12:34:12:34:12:34:56:78:FF:FF:FF,KEY_5,No Error [code=0x00],Verification Succeeded
2023-09-22 08:38:55.639 GMT,23092200500M006N,AF:15:2E:1D:00:00:00:00,00:00:01:00:12:34:12:34:12:34:56:78:FF:FF:FF,KEY_6,No Error [code=0x00],Verification Succeeded
2023-09-22 08:38:55.640 GMT,23092200500M006N,AF:15:2E:1D:00:00:00:00,00:00:01:00:12:34:12:34:12:34:56:78:FF:FF:FF,KEY_7,No Error [code=0x00],Verification Succeeded
2023-09-22 08:38:55.641 GMT,23092200500M006N,AF:15:2E:1D:00:00:00:00,00:00:01:00:12:34:12:34:12:34:56:78:FF:FF:FF,KEY_8,No Error [code=0x00],Verification Succeeded
2023-09-22 08:38:55.642 GMT,23092200500M006N,AF:15:2E:1D:00:00:00:00,00:00:01:00:12:34:12:34:12:34:56:78:FF:FF:FF,KEY_9,No Error [code=0x00],Verification Succeeded
2023-09-22 08:38:55.642 GMT,23092200500M006N,AF:15:2E:1D:00:00:00:00,00:00:01:00:12:34:12:34:12:34:56:78:FF:FF:FF,KEY_10,No Error [code=0x00],Verification Succeeded
2023-09-22 08:38:55.644 GMT,23092200500M006N,AF:15:2E:1D:00:00:00:00,00:00:01:00:12:34:12:34:12:34:56:78:FF:FF:FF,KEY_11,No Error [code=0x00],Verification Succeeded
2023-09-22 08:38:55.644 GMT,23092200500M006N,AF:15:2E:1D:00:00:00:00,00:00:01:00:12:34:12:34:12:34:56:78:FF:FF:FF,KEY_12,No Error [code=0x00],Verification Succeeded
2023-09-22 08:38:55.645 GMT,23092200500M006N,AF:15:2E:1D:00:00:00:00,00:00:01:00:12:34:12:34:12:34:56:78:FF:FF:FF,KEY_13,No Error [code=0x00],Verification Succeeded
2023-09-22 08:38:55.646 GMT,23092200500M006N,AF:15:2E:1D:00:00:00:00,00:00:01:00:12:34:12:34:12:34:56:78:FF:FF:FF,KEY_14,No Error [code=0x00],Verification Succeeded
2023-09-22 08:38:55.647 GMT,23092200500M006N,AF:15:2E:1D:00:00:00:00,00:00:01:00:12:34:12:34:12:34:56:78:FF:FF:FF,KEY_15,No Error [code=0x00],Verification Succeeded
2023-09-22 08:38:55.648 GMT,23092200500M006N,AF:15:2E:1D:00:00:00:00,00:00:01:00:12:34:12:34:12:34:56:78:FF:FF:FF,KEY_16,No Error [code=0x00],Verification Succeeded
2023-09-22 08:38:55.649 GMT,23092200500M006N,AF:15:2E:1D:00:00:00:00,00:00:01:00:12:34:12:34:12:34:56:78:FF:FF:FF,KEY_17,No Error [code=0x00],Verification Succeeded
2023-09-22 08:41:01.513 GMT,23092200500N006N,AF:15:2E:1D:00:00:00:00,00:00:01:00:12:34:12:34:12:34:56:78:FF:FF:FF,MASTER_ECU_KEY,No Error [code=0x00],Not Applicable (M1-M2-M3 Generation)
2023-09-22 08:41:01.652 GMT,23092200500N006N,AF:15:2E:1D:00:00:00:00,00:00:01:00:12:34:12:34:12:34:56:78:FF:FF:FF,BOOT_MAC_KEY,No Error [code=0x00],Not Applicable (M1-M2-M3 Generation)
2023-09-22 08:41:02.067 GMT,23092200500N006N,AF:15:2E:1D:00:00:00:00,00:00:01:00:12:34:12:34:12:34:56:78:FF:FF:FF,KEY_1,No Error [code=0x00],Not Applicable (M1-M2-M3 Generation)
2023-09-22 08:41:02.453 GMT,23092200500N006N,AF:15:2E:1D:00:00:00:00,00:00:01:00:12:34:12:34:12:34:56:78:FF:FF:FF,KEY_2,No Error [code=0x00],Not Applicable (M1-M2-M3 Generation)
2023-09-22 08:41:02.851 GMT,23092200500N006N,AF:15:2E:1D:00:00:00:00,00:00:01:00:12:34:12:34:12:34:56:78:FF:FF:FF,KEY_3,No Error [code=0x00],Not Applicable (M1-M2-M3 Generation)
2023-09-22 08:41:03.237 GMT,23092200500N006N,AF:15:2E:1D:00:00:00:00,00:00:01:00:12:34:12:34:12:34:56:78:FF:FF:FF,KEY_4,No Error [code=0x00],Not Applicable (M1-M2-M3 Generation)
2023-09-22 08:41:03.640 GMT,23092200500N006N,AF:15:2E:1D:00:00:00:00,00:00:01:00:12:34:12:34:12:34:56:78:FF:FF:FF,KEY_5,No Error [code=0x00],Not Applicable (M1-M2-M3 Generation)
2023-09-22 08:41:04.038 GMT,23092200500N006N,AF:15:2E:1D:00:00:00:00,00:00:01:00:12:34:12:34:12:34:56:78:FF:FF:FF,KEY_6,No Error [code=0x00],Not Applicable (M1-M2-M3 Generation)
2023-09-22 08:41:04.438 GMT,23092200500N006N,AF:15:2E:1D:00:00:00:00,00:00:01:00:12:34:12:34:12:34:56:78:FF:FF:FF,KEY_7,No Error [code=0x00],Not Applicable (M1-M2-M3 Generation)
2023-09-22 08:41:04.838 GMT,23092200500N006N,AF:15:2E:1D:00:00:00:00,00:00:01:00:12:34:12:34:12:34:56:78:FF:FF:FF,KEY_8,No Error [code=0x00],Not Applicable (M1-M2-M3 Generation)
2023-09-22 08:41:04.947 GMT,23092200500N006N,AF:15:2E:1D:00:00:00:00,00:00:01:00:12:34:12:34:12:34:56:78:FF:FF:FF,KEY_9,No Error [code=0x00],Not Applicable (M1-M2-M3 Generation)
2023-09-22 08:41:05.344 GMT,23092200500N006N,AF:15:2E:1D:00:00:00:00,00:00:01:00:12:34:12:34:12:34:56:78:FF:FF:FF,KEY_10,No Error [code=0x00],Not Applicable (M1-M2-M3 Generation)
2023-09-22 08:41:05.742 GMT,23092200500N006N,AF:15:2E:1D:00:00:00:00,00:00:01:00:12:34:12:34:12:34:56:78:FF:FF:FF,KEY_11,No Error [code=0x00],Not Applicable (M1-M2-M3 Generation)
2023-09-22 08:41:05.882 GMT,23092200500N006N,AF:15:2E:1D:00:00:00:00,00:00:01:00:12:34:12:34:12:34:56:78:FF:FF:FF,KEY_12,No Error [code=0x00],Not Applicable (M1-M2-M3 Generation)
2023-09-22 08:41:06.021 GMT,23092200500N006N,AF:15:2E:1D:00:00:00:00,00:00:01:00:12:34:12:34:12:34:56:78:FF:FF:FF,KEY_13,No Error [code=0x00],Not Applicable (M1-M2-M3 Generation)
2023-09-22 08:41:06.405 GMT,23092200500N006N,AF:15:2E:1D:00:00:00:00,00:00:01:00:12:34:12:34:12:34:56:78:FF:FF:FF,KEY_14,No Error [code=0x00],Not Applicable (M1-M2-M3 Generation)
2023-09-22 08:41:06.773 GMT,23092200500N006N,AF:15:2E:1D:00:00:00:00,00:00:01:00:12:34:12:34:12:34:56:78:FF:FF:FF,KEY_15,No Error [code=0x00],Not Applicable (M1-M2-M3 Generation)
2023-09-22 08:41:07.112 GMT,23092200500N006N,AF:15:2E:1D:00:00:00:00,00:00:01:00:12:34:12:34:12:34:56:78:FF:FF:FF,KEY_16,No Error [code=0x00],Not Applicable (M1-M2-M3 Generation)
2023-09-22 08:41:07.435 GMT,23092200500N006N,AF:15:2E:1D:00:00:00:00,00:00:01:00:12:34:12:34:12:34:56:78:FF:FF:FF,KEY_17,No Error [code=0x00],Not Applicable (M1-M2-M3 Generation)
2023-09-22 08:41:07.776 GMT,23092200500N006N,AF:15:2E:1D:00:00:00:00,00:00:01:00:12:34:12:34:12:34:56:78:FF:FF:FF,MASTER_ECU_KEY,No Error [code=0x00],Verification Succeeded
2023-09-22 08:41:07.778 GMT,23092200500N006N,AF:15:2E:1D:00:00:00:00,00:00:01:00:12:34:12:34:12:34:56:78:FF:FF:FF,BOOT_MAC_KEY,No Error [code=0x00],Verification Succeeded
2023-09-22 08:41:07.778 GMT,23092200500N006N,AF:15:2E:1D:00:00:00:00,00:00:01:00:12:34:12:34:12:34:56:78:FF:FF:FF,KEY_1,No Error [code=0x00],Verification Succeeded
2023-09-22 08:41:07.779 GMT,23092200500N006N,AF:15:2E:1D:00:00:00:00,00:00:01:00:12:34:12:34:12:34:56:78:FF:FF:FF,KEY_2,No Error [code=0x00],Verification Succeeded
2023-09-22 08:41:07.780 GMT,23092200500N006N,AF:15:2E:1D:00:00:00:00,00:00:01:00:12:34:12:34:12:34:56:78:FF:FF:FF,KEY_3,No Error [code=0x00],Verification Succeeded
2023-09-22 08:41:07.781 GMT,23092200500N006N,AF:15:2E:1D:00:00:00:00,00:00:01:00:12:34:12:34:12:34:56:78:FF:FF:FF,KEY_4,No Error [code=0x00],Verification Succeeded
2023-09-22 08:41:07.782 GMT,23092200500N006N,AF:15:2E:1D:00:00:00:00,00:00:01:00:12:34:12:34:12:34:56:78:FF:FF:FF,KEY_5,No Error [code=0x00],Verification Succeeded
2023-09-22 08:41:07.783 GMT,23092200500N006N,AF:15:2E:1D:00:00:00:00,00:00:01:00:12:34:12:34:12:34:56:78:FF:FF:FF,KEY_6,No Error [code=0x00],Verification Succeeded
2023-09-22 08:41:07.784 GMT,23092200500N006N,AF:15:2E:1D:00:00:00:00,00:00:01:00:12:34:12:34:12:34:56:78:FF:FF:FF,KEY_7,No Error [code=0x00],Verification Succeeded
2023-09-22 08:41:07.786 GMT,23092200500N006N,AF:15:2E:1D:00:00:00:00,00:00:01:00:12:34:12:34:12:34:56:78:FF:FF:FF,KEY_8,No Error [code=0x00],Verification Succeeded
2023-09-22 08:41:07.787 GMT,23092200500N006N,AF:15:2E:1D:00:00:00:00,00:00:01:00:12:34:12:34:12:34:56:78:FF:FF:FF,KEY_9,No Error [code=0x00],Verification Succeeded
2023-09-22 08:41:07.788 GMT,23092200500N006N,AF:15:2E:1D:00:00:00:00,00:00:01:00:12:34:12:34:12:34:56:78:FF:FF:FF,KEY_10,No Error [code=0x00],Verification Succeeded
2023-09-22 08:41:07.789 GMT,23092200500N006N,AF:15:2E:1D:00:00:00:00,00:00:01:00:12:34:12:34:12:34:56:78:FF:FF:FF,KEY_11,No Error [code=0x00],Verification Succeeded
2023-09-22 08:41:07.790 GMT,23092200500N006N,AF:15:2E:1D:00:00:00:00,00:00:01:00:12:34:12:34:12:34:56:78:FF:FF:FF,KEY_12,No Error [code=0x00],Verification Succeeded
2023-09-22 08:41:07.791 GMT,23092200500N006N,AF:15:2E:1D:00:00:00:00,00:00:01:00:12:34:12:34:12:34:56:78:FF:FF:FF,KEY_13,No Error [code=0x00],Verification Succeeded
2023-09-22 08:41:07.791 GMT,23092200500N006N,AF:15:2E:1D:00:00:00:00,00:00:01:00:12:34:12:34:12:34:56:78:FF:FF:FF,KEY_14,No Error [code=0x00],Verification Succeeded
2023-09-22 08:41:07.793 GMT,23092200500N006N,AF:15:2E:1D:00:00:00:00,00:00:01:00:12:34:12:34:12:34:56:78:FF:FF:FF,KEY_15,No Error [code=0x00],Verification Succeeded
2023-09-22 08:41:07.794 GMT,23092200500N006N,AF:15:2E:1D:00:00:00:00,00:00:01:00:12:34:12:34:12:34:56:78:FF:FF:FF,KEY_16,No Error [code=0x00],Verification Succeeded
2023-09-22 08:41:07.795 GMT,23092200500N006N,AF:15:2E:1D:00:00:00:00,00:00:01:00:12:34:12:34:12:34:56:78:FF:FF:FF,KEY_17,No Error [code=0x00],Verification Succeeded
2023-09-22 08:51:13.842 GMT,23092200500P006N,AF:15:2E:1D:00:00:00:00,00:00:01:00:12:34:12:34:12:34:56:78:FF:FF:FF,MASTER_ECU_KEY,No Error [code=0x00],Not Applicable (M1-M2-M3 Generation)
2023-09-22 08:51:13.996 GMT,23092200500P006N,AF:15:2E:1D:00:00:00:00,00:00:01:00:12:34:12:34:12:34:56:78:FF:FF:FF,BOOT_MAC_KEY,No Error [code=0x00],Not Applicable (M1-M2-M3 Generation)
2023-09-22 08:51:14.396 GMT,23092200500P006N,AF:15:2E:1D:00:00:00:00,00:00:01:00:12:34:12:34:12:34:56:78:FF:FF:FF,KEY_1,No Error [code=0x00],Not Applicable (M1-M2-M3 Generation)
2023-09-22 08:51:14.796 GMT,23092200500P006N,AF:15:2E:1D:00:00:00:00,00:00:01:00:12:34:12:34:12:34:56:78:FF:FF:FF,KEY_2,No Error [code=0x00],Not Applicable (M1-M2-M3 Generation)
2023-09-22 08:51:15.194 GMT,23092200500P006N,AF:15:2E:1D:00:00:00:00,00:00:01:00:12:34:12:34:12:34:56:78:FF:FF:FF,KEY_3,No Error [code=0x00],Not Applicable (M1-M2-M3 Generation)
2023-09-22 08:51:15.593 GMT,23092200500P006N,AF:15:2E:1D:00:00:00:00,00:00:01:00:12:34:12:34:12:34:56:78:FF:FF:FF,KEY_4,No Error [code=0x00],Not Applicable (M1-M2-M3 Generation)
2023-09-22 08:51:15.994 GMT,23092200500P006N,AF:15:2E:1D:00:00:00:00,00:00:01:00:12:34:12:34:12:34:56:78:FF:FF:FF,KEY_5,No Error [code=0x00],Not Applicable (M1-M2-M3 Generation)
2023-09-22 08:51:16.393 GMT,23092200500P006N,AF:15:2E:1D:00:00:00:00,00:00:01:00:12:34:12:34:12:34:56:78:FF:FF:FF,KEY_6,No Error [code=0x00],Not Applicable (M1-M2-M3 Generation)
2023-09-22 08:51:16.779 GMT,23092200500P006N,AF:15:2E:1D:00:00:00:00,00:00:01:00:12:34:12:34:12:34:56:78:FF:FF:FF,KEY_7,No Error [code=0x00],Not Applicable (M1-M2-M3 Generation)
2023-09-22 08:51:17.178 GMT,23092200500P006N,AF:15:2E:1D:00:00:00:00,00:00:01:00:12:34:12:34:12:34:56:78:FF:FF:FF,KEY_8,No Error [code=0x00],Not Applicable (M1-M2-M3 Generation)
2023-09-22 08:51:17.288 GMT,23092200500P006N,AF:15:2E:1D:00:00:00:00,00:00:01:00:12:34:12:34:12:34:56:78:FF:FF:FF,KEY_9,No Error [code=0x00],Not Applicable (M1-M2-M3 Generation)
2023-09-22 08:51:17.673 GMT,23092200500P006N,AF:15:2E:1D:00:00:00:00,00:00:01:00:12:34:12:34:12:34:56:78:FF:FF:FF,KEY_10,No Error [code=0x00],Not Applicable (M1-M2-M3 Generation)
2023-09-22 08:51:18.059 GMT,23092200500P006N,AF:15:2E:1D:00:00:00:00,00:00:01:00:12:34:12:34:12:34:56:78:FF:FF:FF,KEY_11,No Error [code=0x00],Not Applicable (M1-M2-M3 Generation)
2023-09-22 08:51:18.199 GMT,23092200500P006N,AF:15:2E:1D:00:00:00:00,00:00:01:00:12:34:12:34:12:34:56:78:FF:FF:FF,KEY_12,No Error [code=0x00],Not Applicable (M1-M2-M3 Generation)
2023-09-22 08:51:18.336 GMT,23092200500P006N,AF:15:2E:1D:00:00:00:00,00:00:01:00:12:34:12:34:12:34:56:78:FF:FF:FF,KEY_13,No Error [code=0x00],Not Applicable (M1-M2-M3 Generation)
2023-09-22 08:51:18.720 GMT,23092200500P006N,AF:15:2E:1D:00:00:00:00,00:00:01:00:12:34:12:34:12:34:56:78:FF:FF:FF,KEY_14,No Error [code=0x00],Not Applicable (M1-M2-M3 Generation)
2023-09-22 08:51:19.091 GMT,23092200500P006N,AF:15:2E:1D:00:00:00:00,00:00:01:00:12:34:12:34:12:34:56:78:FF:FF:FF,KEY_15,No Error [code=0x00],Not Applicable (M1-M2-M3 Generation)
2023-09-22 08:51:19.451 GMT,23092200500P006N,AF:15:2E:1D:00:00:00:00,00:00:01:00:12:34:12:34:12:34:56:78:FF:FF:FF,KEY_16,No Error [code=0x00],Not Applicable (M1-M2-M3 Generation)
2023-09-22 08:51:19.776 GMT,23092200500P006N,AF:15:2E:1D:00:00:00:00,00:00:01:00:12:34:12:34:12:34:56:78:FF:FF:FF,KEY_17,No Error [code=0x00],Not Applicable (M1-M2-M3 Generation)
2023-09-22 08:51:20.118 GMT,23092200500P006N,AF:15:2E:1D:00:00:00:00,00:00:01:00:12:34:12:34:12:34:56:78:FF:FF:FF,MASTER_ECU_KEY,No Error [code=0x00],Verification Succeeded
2023-09-22 08:51:20.118 GMT,23092200500P006N,AF:15:2E:1D:00:00:00:00,00:00:01:00:12:34:12:34:12:34:56:78:FF:FF:FF,BOOT_MAC_KEY,No Error [code=0x00],Verification Succeeded
2023-09-22 08:51:20.120 GMT,23092200500P006N,AF:15:2E:1D:00:00:00:00,00:00:01:00:12:34:12:34:12:34:56:78:FF:FF:FF,KEY_1,No Error [code=0x00],Verification Succeeded
2023-09-22 08:51:20.120 GMT,23092200500P006N,AF:15:2E:1D:00:00:00:00,00:00:01:00:12:34:12:34:12:34:56:78:FF:FF:FF,KEY_2,No Error [code=0x00],Verification Succeeded
2023-09-22 08:51:20.122 GMT,23092200500P006N,AF:15:2E:1D:00:00:00:00,00:00:01:00:12:34:12:34:12:34:56:78:FF:FF:FF,KEY_3,No Error [code=0x00],Verification Succeeded
2023-09-22 08:51:20.123 GMT,23092200500P006N,AF:15:2E:1D:00:00:00:00,00:00:01:00:12:34:12:34:12:34:56:78:FF:FF:FF,KEY_4,No Error [code=0x00],Verification Succeeded
2023-09-22 08:51:20.124 GMT,23092200500P006N,AF:15:2E:1D:00:00:00:00,00:00:01:00:12:34:12:34:12:34:56:78:FF:FF:FF,KEY_5,No Error [code=0x00],Verification Succeeded
2023-09-22 08:51:20.124 GMT,23092200500P006N,AF:15:2E:1D:00:00:00:00,00:00:01:00:12:34:12:34:12:34:56:78:FF:FF:FF,KEY_6,No Error [code=0x00],Verification Succeeded
2023-09-22 08:51:20.126 GMT,23092200500P006N,AF:15:2E:1D:00:00:00:00,00:00:01:00:12:34:12:34:12:34:56:78:FF:FF:FF,KEY_7,No Error [code=0x00],Verification Succeeded
2023-09-22 08:51:20.127 GMT,23092200500P006N,AF:15:2E:1D:00:00:00:00,00:00:01:00:12:34:12:34:12:34:56:78:FF:FF:FF,KEY_8,No Error [code=0x00],Verification Succeeded
2023-09-22 08:51:20.128 GMT,23092200500P006N,AF:15:2E:1D:00:00:00:00,00:00:01:00:12:34:12:34:12:34:56:78:FF:FF:FF,KEY_9,No Error [code=0x00],Verification Succeeded
2023-09-22 08:51:20.128 GMT,23092200500P006N,AF:15:2E:1D:00:00:00:00,00:00:01:00:12:34:12:34:12:34:56:78:FF:FF:FF,KEY_10,No Error [code=0x00],Verification Succeeded
2023-09-22 08:51:20.129 GMT,23092200500P006N,AF:15:2E:1D:00:00:00:00,00:00:01:00:12:34:12:34:12:34:56:78:FF:FF:FF,KEY_11,No Error [code=0x00],Verification Succeeded
2023-09-22 08:51:20.131 GMT,23092200500P006N,AF:15:2E:1D:00:00:00:00,00:00:01:00:12:34:12:34:12:34:56:78:FF:FF:FF,KEY_12,No Error [code=0x00],Verification Succeeded
2023-09-22 08:51:20.131 GMT,23092200500P006N,AF:15:2E:1D:00:00:00:00,00:00:01:00:12:34:12:34:12:34:56:78:FF:FF:FF,KEY_13,No Error [code=0x00],Verification Succeeded
2023-09-22 08:51:20.132 GMT,23092200500P006N,AF:15:2E:1D:00:00:00:00,00:00:01:00:12:34:12:34:12:34:56:78:FF:FF:FF,KEY_14,No Error [code=0x00],Verification Succeeded
2023-09-22 08:51:20.133 GMT,23092200500P006N,AF:15:2E:1D:00:00:00:00,00:00:01:00:12:34:12:34:12:34:56:78:FF:FF:FF,KEY_15,No Error [code=0x00],Verification Succeeded
2023-09-22 08:51:20.134 GMT,23092200500P006N,AF:15:2E:1D:00:00:00:00,00:00:01:00:12:34:12:34:12:34:56:78:FF:FF:FF,KEY_16,No Error [code=0x00],Verification Succeeded
2023-09-22 08:51:20.136 GMT,23092200500P006N,AF:15:2E:1D:00:00:00:00,00:00:01:00:12:34:12:34:12:34:56:78:FF:FF:FF,KEY_17,No Error [code=0x00],Verification Succeeded
2023-09-22 08:51:40.607 GMT,23092200500P006N,AF:15:2E:1D:00:00:00:00,00:00:01:00:12:34:12:34:12:34:56:78:FF:FF:FF,MASTER_ECU_KEY,No Error [code=0x00],Verification Succeeded
2023-09-22 08:51:40.608 GMT,23092200500P006N,AF:15:2E:1D:00:00:00:00,00:00:01:00:12:34:12:34:12:34:56:78:FF:FF:FF,BOOT_MAC_KEY,No Error [code=0x00],Verification Succeeded
2023-09-22 08:51:40.609 GMT,23092200500P006N,AF:15:2E:1D:00:00:00:00,00:00:01:00:12:34:12:34:12:34:56:78:FF:FF:FF,KEY_1,No Error [code=0x00],Verification Succeeded
2023-09-22 08:51:40.610 GMT,23092200500P006N,AF:15:2E:1D:00:00:00:00,00:00:01:00:12:34:12:34:12:34:56:78:FF:FF:FF,KEY_2,No Error [code=0x00],Verification Succeeded
2023-09-22 08:51:40.611 GMT,23092200500P006N,AF:15:2E:1D:00:00:00:00,00:00:01:00:12:34:12:34:12:34:56:78:FF:FF:FF,KEY_3,No Error [code=0x00],Verification Succeeded
2023-09-22 08:51:40.612 GMT,23092200500P006N,AF:15:2E:1D:00:00:00:00,00:00:01:00:12:34:12:34:12:34:56:78:FF:FF:FF,KEY_4,No Error [code=0x00],Verification Succeeded
2023-09-22 08:51:40.612 GMT,23092200500P006N,AF:15:2E:1D:00:00:00:00,00:00:01:00:12:34:12:34:12:34:56:78:FF:FF:FF,KEY_5,No Error [code=0x00],Verification Succeeded
2023-09-22 08:51:40.613 GMT,23092200500P006N,AF:15:2E:1D:00:00:00:00,00:00:01:00:12:34:12:34:12:34:56:78:FF:FF:FF,KEY_6,No Error [code=0x00],Verification Succeeded
2023-09-22 08:51:40.614 GMT,23092200500P006N,AF:15:2E:1D:00:00:00:00,00:00:01:00:12:34:12:34:12:34:56:78:FF:FF:FF,KEY_7,No Error [code=0x00],Verification Succeeded
2023-09-22 08:51:40.615 GMT,23092200500P006N,AF:15:2E:1D:00:00:00:00,00:00:01:00:12:34:12:34:12:34:56:78:FF:FF:FF,KEY_8,No Error [code=0x00],Verification Succeeded
2023-09-22 08:51:40.616 GMT,23092200500P006N,AF:15:2E:1D:00:00:00:00,00:00:01:00:12:34:12:34:12:34:56:78:FF:FF:FF,KEY_9,No Error [code=0x00],Verification Succeeded
2023-09-22 08:51:40.616 GMT,23092200500P006N,AF:15:2E:1D:00:00:00:00,00:00:01:00:12:34:12:34:12:34:56:78:FF:FF:FF,KEY_10,No Error [code=0x00],Verification Succeeded
2023-09-22 08:51:40.617 GMT,23092200500P006N,AF:15:2E:1D:00:00:00:00,00:00:01:00:12:34:12:34:12:34:56:78:FF:FF:FF,KEY_11,No Error [code=0x00],Verification Succeeded
2023-09-22 08:51:40.618 GMT,23092200500P006N,AF:15:2E:1D:00:00:00:00,00:00:01:00:12:34:12:34:12:34:56:78:FF:FF:FF,KEY_12,No Error [code=0x00],Verification Succeeded
2023-09-22 08:51:40.618 GMT,23092200500P006N,AF:15:2E:1D:00:00:00:00,00:00:01:00:12:34:12:34:12:34:56:78:FF:FF:FF,KEY_13,No Error [code=0x00],Verification Succeeded
2023-09-22 08:51:40.620 GMT,23092200500P006N,AF:15:2E:1D:00:00:00:00,00:00:01:00:12:34:12:34:12:34:56:78:FF:FF:FF,KEY_14,No Error [code=0x00],Verification Succeeded
2023-09-22 08:51:40.620 GMT,23092200500P006N,AF:15:2E:1D:00:00:00:00,00:00:01:00:12:34:12:34:12:34:56:78:FF:FF:FF,KEY_15,No Error [code=0x00],Verification Succeeded
2023-09-22 08:51:40.621 GMT,23092200500P006N,AF:15:2E:1D:00:00:00:00,00:00:01:00:12:34:12:34:12:34:56:78:FF:FF:FF,KEY_16,No Error [code=0x00],Verification Succeeded
2023-09-22 08:51:40.623 GMT,23092200500P006N,AF:15:2E:1D:00:00:00:00,00:00:01:00:12:34:12:34:12:34:56:78:FF:FF:FF,KEY_17,No Error [code=0x00],Verification Succeeded
2023-10-13 14:02:31.279 GMT,2310130053VQ006N,AF:14:2E:1D:00:00:00:00,00:00:00:00:50:45:80:05:29:06:05:31:09:33:17,MASTER_ECU_KEY,No Error [code=0x00],Not Applicable (M1-M2-M3 Generation)
2023-10-13 14:02:31.309 GMT,2310130053VQ006N,AF:14:2E:1D:00:00:00:00,00:00:00:00:50:45:80:05:29:06:05:31:09:33:17,BOOT_MAC_KEY,No Error [code=0x00],Not Applicable (M1-M2-M3 Generation)
2023-10-13 14:02:31.598 GMT,2310130053VQ006N,AF:14:2E:1D:00:00:00:00,00:00:00:00:50:45:80:05:29:06:05:31:09:33:17,KEY_1,No Error [code=0x00],Not Applicable (M1-M2-M3 Generation)
2023-10-13 14:02:31.891 GMT,2310130053VQ006N,AF:14:2E:1D:00:00:00:00,00:00:00:00:50:45:80:05:29:06:05:31:09:33:17,KEY_2,No Error [code=0x00],Not Applicable (M1-M2-M3 Generation)
2023-10-13 14:02:32.185 GMT,2310130053VQ006N,AF:14:2E:1D:00:00:00:00,00:00:00:00:50:45:80:05:29:06:05:31:09:33:17,KEY_3,No Error [code=0x00],Not Applicable (M1-M2-M3 Generation)
2023-10-13 14:02:32.477 GMT,2310130053VQ006N,AF:14:2E:1D:00:00:00:00,00:00:00:00:50:45:80:05:29:06:05:31:09:33:17,KEY_4,No Error [code=0x00],Not Applicable (M1-M2-M3 Generation)
2023-10-13 14:02:32.768 GMT,2310130053VQ006N,AF:14:2E:1D:00:00:00:00,00:00:00:00:50:45:80:05:29:06:05:31:09:33:17,KEY_5,No Error [code=0x00],Not Applicable (M1-M2-M3 Generation)
2023-10-13 14:02:33.045 GMT,2310130053VQ006N,AF:14:2E:1D:00:00:00:00,00:00:00:00:50:45:80:05:29:06:05:31:09:33:17,KEY_6,No Error [code=0x00],Not Applicable (M1-M2-M3 Generation)
2023-10-13 14:02:33.335 GMT,2310130053VQ006N,AF:14:2E:1D:00:00:00:00,00:00:00:00:50:45:80:05:29:06:05:31:09:33:17,KEY_7,No Error [code=0x00],Not Applicable (M1-M2-M3 Generation)
2023-10-13 14:02:33.615 GMT,2310130053VQ006N,AF:14:2E:1D:00:00:00:00,00:00:00:00:50:45:80:05:29:06:05:31:09:33:17,KEY_8,No Error [code=0x00],Not Applicable (M1-M2-M3 Generation)
2023-10-13 14:02:33.616 GMT,2310130053VQ006N,AF:14:2E:1D:00:00:00:00,00:00:00:00:50:45:80:05:29:06:05:31:09:33:17,KEY_9,No Error [code=0x00],Not Applicable (M1-M2-M3 Generation)
2023-10-13 14:02:33.908 GMT,2310130053VQ006N,AF:14:2E:1D:00:00:00:00,00:00:00:00:50:45:80:05:29:06:05:31:09:33:17,KEY_10,No Error [code=0x00],Not Applicable (M1-M2-M3 Generation)
2023-10-13 14:02:34.200 GMT,2310130053VQ006N,AF:14:2E:1D:00:00:00:00,00:00:00:00:50:45:80:05:29:06:05:31:09:33:17,KEY_11,No Error [code=0x00],Not Applicable (M1-M2-M3 Generation)
2023-10-13 14:02:34.231 GMT,2310130053VQ006N,AF:14:2E:1D:00:00:00:00,00:00:00:00:50:45:80:05:29:06:05:31:09:33:17,KEY_12,No Error [code=0x00],Not Applicable (M1-M2-M3 Generation)
2023-10-13 14:02:34.262 GMT,2310130053VQ006N,AF:14:2E:1D:00:00:00:00,00:00:00:00:50:45:80:05:29:06:05:31:09:33:17,KEY_13,No Error [code=0x00],Not Applicable (M1-M2-M3 Generation)
2023-10-13 14:02:34.535 GMT,2310130053VQ006N,AF:14:2E:1D:00:00:00:00,00:00:00:00:50:45:80:05:29:06:05:31:09:33:17,KEY_14,No Error [code=0x00],Not Applicable (M1-M2-M3 Generation)
2023-10-13 14:02:34.797 GMT,2310130053VQ006N,AF:14:2E:1D:00:00:00:00,00:00:00:00:50:45:80:05:29:06:05:31:09:33:17,KEY_15,No Error [code=0x00],Not Applicable (M1-M2-M3 Generation)
2023-10-13 14:02:35.039 GMT,2310130053VQ006N,AF:14:2E:1D:00:00:00:00,00:00:00:00:50:45:80:05:29:06:05:31:09:33:17,KEY_16,No Error [code=0x00],Not Applicable (M1-M2-M3 Generation)
2023-10-13 14:02:35.254 GMT,2310130053VQ006N,AF:14:2E:1D:00:00:00:00,00:00:00:00:50:45:80:05:29:06:05:31:09:33:17,KEY_17,No Error [code=0x00],Not Applicable (M1-M2-M3 Generation)
2023-10-13 14:02:35.459 GMT,2310130053VQ006N,AF:14:2E:1D:00:00:00:00,00:00:00:00:50:45:80:05:29:06:05:31:09:33:17,KEY_18,No Error [code=0x00],Not Applicable (M1-M2-M3 Generation)
2023-10-13 14:02:35.627 GMT,2310130053VQ006N,AF:14:2E:1D:00:00:00:00,00:00:00:00:50:45:80:05:29:06:05:31:09:33:17,KEY_19,No Error [code=0x00],Not Applicable (M1-M2-M3 Generation)
2023-10-13 14:02:35.780 GMT,2310130053VQ006N,AF:14:2E:1D:00:00:00:00,00:00:00:00:50:45:80:05:29:06:05:31:09:33:17,KEY_20,No Error [code=0x00],Not Applicable (M1-M2-M3 Generation)
2023-11-19 11:18:18.603 GMT,000000000000006N,AF:14:2E:1D:00:00:00:00,00:00:A4:F4:E3:00:D0:64:01:01:46:05:00:43:1B,MASTER_ECU_KEY,No Error [code=0x00],Not Applicable (ECU Lock Passwords Derivation)
2023-11-20 11:09:23.953 GMT,231120005000006N,AF:14:2E:1D:00:00:00:00,00:00:00:00:50:45:80:03:25:24:05:31:09:32:54,MASTER_ECU_KEY,No Error [code=0x00],Not Applicable (M1-M2-M3 Generation)
2023-11-20 11:09:23.978 GMT,231120005000006N,AF:14:2E:1D:00:00:00:00,00:00:00:00:50:45:80:03:25:24:05:31:09:32:54,BOOT_MAC_KEY,No Error [code=0x00],Not Applicable (M1-M2-M3 Generation)
2023-11-20 11:09:24.250 GMT,231120005000006N,AF:14:2E:1D:00:00:00:00,00:00:00:00:50:45:80:03:25:24:05:31:09:32:54,KEY_1,No Error [code=0x00],Not Applicable (M1-M2-M3 Generation)
2023-11-20 11:09:24.521 GMT,231120005000006N,AF:14:2E:1D:00:00:00:00,00:00:00:00:50:45:80:03:25:24:05:31:09:32:54,KEY_2,No Error [code=0x00],Not Applicable (M1-M2-M3 Generation)
2023-11-20 11:09:24.791 GMT,231120005000006N,AF:14:2E:1D:00:00:00:00,00:00:00:00:50:45:80:03:25:24:05:31:09:32:54,KEY_3,No Error [code=0x00],Not Applicable (M1-M2-M3 Generation)
2023-11-20 11:09:25.061 GMT,231120005000006N,AF:14:2E:1D:00:00:00:00,00:00:00:00:50:45:80:03:25:24:05:31:09:32:54,KEY_4,No Error [code=0x00],Not Applicable (M1-M2-M3 Generation)
2023-11-20 11:09:25.332 GMT,231120005000006N,AF:14:2E:1D:00:00:00:00,00:00:00:00:50:45:80:03:25:24:05:31:09:32:54,KEY_5,No Error [code=0x00],Not Applicable (M1-M2-M3 Generation)
2023-11-20 11:09:25.601 GMT,231120005000006N,AF:14:2E:1D:00:00:00:00,00:00:00:00:50:45:80:03:25:24:05:31:09:32:54,KEY_6,No Error [code=0x00],Not Applicable (M1-M2-M3 Generation)
2023-11-20 11:09:25.872 GMT,231120005000006N,AF:14:2E:1D:00:00:00:00,00:00:00:00:50:45:80:03:25:24:05:31:09:32:54,KEY_7,No Error [code=0x00],Not Applicable (M1-M2-M3 Generation)
2023-11-20 11:09:26.144 GMT,231120005000006N,AF:14:2E:1D:00:00:00:00,00:00:00:00:50:45:80:03:25:24:05:31:09:32:54,KEY_8,No Error [code=0x00],Not Applicable (M1-M2-M3 Generation)
2023-11-20 11:09:26.145 GMT,231120005000006N,AF:14:2E:1D:00:00:00:00,00:00:00:00:50:45:80:03:25:24:05:31:09:32:54,KEY_9,No Error [code=0x00],Not Applicable (M1-M2-M3 Generation)
2023-11-20 11:09:26.414 GMT,231120005000006N,AF:14:2E:1D:00:00:00:00,00:00:00:00:50:45:80:03:25:24:05:31:09:32:54,KEY_10,No Error [code=0x00],Not Applicable (M1-M2-M3 Generation)
2023-11-20 11:09:26.685 GMT,231120005000006N,AF:14:2E:1D:00:00:00:00,00:00:00:00:50:45:80:03:25:24:05:31:09:32:54,KEY_11,No Error [code=0x00],Not Applicable (M1-M2-M3 Generation)
2023-11-20 11:09:26.710 GMT,231120005000006N,AF:14:2E:1D:00:00:00:00,00:00:00:00:50:45:80:03:25:24:05:31:09:32:54,KEY_12,No Error [code=0x00],Not Applicable (M1-M2-M3 Generation)
2023-11-20 11:09:26.734 GMT,231120005000006N,AF:14:2E:1D:00:00:00:00,00:00:00:00:50:45:80:03:25:24:05:31:09:32:54,KEY_13,No Error [code=0x00],Not Applicable (M1-M2-M3 Generation)
2023-11-20 11:09:26.998 GMT,231120005000006N,AF:14:2E:1D:00:00:00:00,00:00:00:00:50:45:80:03:25:24:05:31:09:32:54,KEY_14,No Error [code=0x00],Not Applicable (M1-M2-M3 Generation)
2023-11-20 11:09:27.239 GMT,231120005000006N,AF:14:2E:1D:00:00:00:00,00:00:00:00:50:45:80:03:25:24:05:31:09:32:54,KEY_15,No Error [code=0x00],Not Applicable (M1-M2-M3 Generation)
2023-11-20 11:09:27.458 GMT,231120005000006N,AF:14:2E:1D:00:00:00:00,00:00:00:00:50:45:80:03:25:24:05:31:09:32:54,KEY_16,No Error [code=0x00],Not Applicable (M1-M2-M3 Generation)
2023-11-20 11:09:27.657 GMT,231120005000006N,AF:14:2E:1D:00:00:00:00,00:00:00:00:50:45:80:03:25:24:05:31:09:32:54,KEY_17,No Error [code=0x00],Not Applicable (M1-M2-M3 Generation)
2023-11-20 11:15:10.380 GMT,231120005002006N,AF:14:2E:1D:00:00:00:00,00:00:00:00:50:45:80:03:25:24:05:31:09:32:54,MASTER_ECU_KEY,No Error [code=0x00],Not Applicable (M1-M2-M3 Generation)
2023-11-20 11:15:10.405 GMT,231120005002006N,AF:14:2E:1D:00:00:00:00,00:00:00:00:50:45:80:03:25:24:05:31:09:32:54,BOOT_MAC_KEY,No Error [code=0x00],Not Applicable (M1-M2-M3 Generation)
2023-11-20 11:15:10.676 GMT,231120005002006N,AF:14:2E:1D:00:00:00:00,00:00:00:00:50:45:80:03:25:24:05:31:09:32:54,KEY_1,No Error [code=0x00],Not Applicable (M1-M2-M3 Generation)
2023-11-20 11:15:10.946 GMT,231120005002006N,AF:14:2E:1D:00:00:00:00,00:00:00:00:50:45:80:03:25:24:05:31:09:32:54,KEY_2,No Error [code=0x00],Not Applicable (M1-M2-M3 Generation)
2023-11-20 11:15:11.215 GMT,231120005002006N,AF:14:2E:1D:00:00:00:00,00:00:00:00:50:45:80:03:25:24:05:31:09:32:54,KEY_3,No Error [code=0x00],Not Applicable (M1-M2-M3 Generation)
2023-11-20 11:15:11.486 GMT,231120005002006N,AF:14:2E:1D:00:00:00:00,00:00:00:00:50:45:80:03:25:24:05:31:09:32:54,KEY_4,No Error [code=0x00],Not Applicable (M1-M2-M3 Generation)
2023-11-20 11:15:11.757 GMT,231120005002006N,AF:14:2E:1D:00:00:00:00,00:00:00:00:50:45:80:03:25:24:05:31:09:32:54,KEY_5,No Error [code=0x00],Not Applicable (M1-M2-M3 Generation)
2023-11-20 11:15:12.026 GMT,231120005002006N,AF:14:2E:1D:00:00:00:00,00:00:00:00:50:45:80:03:25:24:05:31:09:32:54,KEY_6,No Error [code=0x00],Not Applicable (M1-M2-M3 Generation)
2023-11-20 11:15:12.299 GMT,231120005002006N,AF:14:2E:1D:00:00:00:00,00:00:00:00:50:45:80:03:25:24:05:31:09:32:54,KEY_7,No Error [code=0x00],Not Applicable (M1-M2-M3 Generation)
2023-11-20 11:15:12.573 GMT,231120005002006N,AF:14:2E:1D:00:00:00:00,00:00:00:00:50:45:80:03:25:24:05:31:09:32:54,KEY_8,No Error [code=0x00],Not Applicable (M1-M2-M3 Generation)
2023-11-20 11:15:12.574 GMT,231120005002006N,AF:14:2E:1D:00:00:00:00,00:00:00:00:50:45:80:03:25:24:05:31:09:32:54,KEY_9,No Error [code=0x00],Not Applicable (M1-M2-M3 Generation)
2023-11-20 11:15:12.843 GMT,231120005002006N,AF:14:2E:1D:00:00:00:00,00:00:00:00:50:45:80:03:25:24:05:31:09:32:54,KEY_10,No Error [code=0x00],Not Applicable (M1-M2-M3 Generation)
2023-11-20 11:15:13.113 GMT,231120005002006N,AF:14:2E:1D:00:00:00:00,00:00:00:00:50:45:80:03:25:24:05:31:09:32:54,KEY_11,No Error [code=0x00],Not Applicable (M1-M2-M3 Generation)
2023-11-20 11:15:13.138 GMT,231120005002006N,AF:14:2E:1D:00:00:00:00,00:00:00:00:50:45:80:03:25:24:05:31:09:32:54,KEY_12,No Error [code=0x00],Not Applicable (M1-M2-M3 Generation)
2023-11-20 11:15:13.163 GMT,231120005002006N,AF:14:2E:1D:00:00:00:00,00:00:00:00:50:45:80:03:25:24:05:31:09:32:54,KEY_13,No Error [code=0x00],Not Applicable (M1-M2-M3 Generation)
2023-11-20 11:15:13.421 GMT,231120005002006N,AF:14:2E:1D:00:00:00:00,00:00:00:00:50:45:80:03:25:24:05:31:09:32:54,KEY_14,No Error [code=0x00],Not Applicable (M1-M2-M3 Generation)
2023-11-20 11:15:13.660 GMT,231120005002006N,AF:14:2E:1D:00:00:00:00,00:00:00:00:50:45:80:03:25:24:05:31:09:32:54,KEY_15,No Error [code=0x00],Not Applicable (M1-M2-M3 Generation)
2023-11-20 11:15:13.878 GMT,231120005002006N,AF:14:2E:1D:00:00:00:00,00:00:00:00:50:45:80:03:25:24:05:31:09:32:54,KEY_16,No Error [code=0x00],Not Applicable (M1-M2-M3 Generation)
2023-11-20 11:15:14.082 GMT,231120005002006N,AF:14:2E:1D:00:00:00:00,00:00:00:00:50:45:80:03:25:24:05:31:09:32:54,KEY_17,No Error [code=0x00],Not Applicable (M1-M2-M3 Generation)
2023-11-20 12:10:15.920 GMT,231120005000006N,AF:14:2E:1D:00:00:00:00,00:00:00:00:50:45:80:05:29:23:05:31:09:32:54,MASTER_ECU_KEY,No Error [code=0x00],Not Applicable (M1-M2-M3 Generation)
2023-11-20 12:10:15.946 GMT,231120005000006N,AF:14:2E:1D:00:00:00:00,00:00:00:00:50:45:80:05:29:23:05:31:09:32:54,BOOT_MAC_KEY,No Error [code=0x00],Not Applicable (M1-M2-M3 Generation)
2023-11-20 12:10:16.218 GMT,231120005000006N,AF:14:2E:1D:00:00:00:00,00:00:00:00:50:45:80:05:29:23:05:31:09:32:54,KEY_1,No Error [code=0x00],Not Applicable (M1-M2-M3 Generation)
2023-11-20 12:10:16.491 GMT,231120005000006N,AF:14:2E:1D:00:00:00:00,00:00:00:00:50:45:80:05:29:23:05:31:09:32:54,KEY_2,No Error [code=0x00],Not Applicable (M1-M2-M3 Generation)
2023-11-20 12:10:16.761 GMT,231120005000006N,AF:14:2E:1D:00:00:00:00,00:00:00:00:50:45:80:05:29:23:05:31:09:32:54,KEY_3,No Error [code=0x00],Not Applicable (M1-M2-M3 Generation)
2023-11-20 12:10:17.031 GMT,231120005000006N,AF:14:2E:1D:00:00:00:00,00:00:00:00:50:45:80:05:29:23:05:31:09:32:54,KEY_4,No Error [code=0x00],Not Applicable (M1-M2-M3 Generation)
2023-11-20 12:10:17.300 GMT,231120005000006N,AF:14:2E:1D:00:00:00:00,00:00:00:00:50:45:80:05:29:23:05:31:09:32:54,KEY_5,No Error [code=0x00],Not Applicable (M1-M2-M3 Generation)
2023-11-20 12:10:17.572 GMT,231120005000006N,AF:14:2E:1D:00:00:00:00,00:00:00:00:50:45:80:05:29:23:05:31:09:32:54,KEY_6,No Error [code=0x00],Not Applicable (M1-M2-M3 Generation)
2023-11-20 12:10:17.841 GMT,231120005000006N,AF:14:2E:1D:00:00:00:00,00:00:00:00:50:45:80:05:29:23:05:31:09:32:54,KEY_7,No Error [code=0x00],Not Applicable (M1-M2-M3 Generation)
2023-11-20 12:10:18.111 GMT,231120005000006N,AF:14:2E:1D:00:00:00:00,00:00:00:00:50:45:80:05:29:23:05:31:09:32:54,KEY_8,No Error [code=0x00],Not Applicable (M1-M2-M3 Generation)
2023-11-20 12:10:18.112 GMT,231120005000006N,AF:14:2E:1D:00:00:00:00,00:00:00:00:50:45:80:05:29:23:05:31:09:32:54,KEY_9,No Error [code=0x00],Not Applicable (M1-M2-M3 Generation)
2023-11-20 12:10:18.385 GMT,231120005000006N,AF:14:2E:1D:00:00:00:00,00:00:00:00:50:45:80:05:29:23:05:31:09:32:54,KEY_10,No Error [code=0x00],Not Applicable (M1-M2-M3 Generation)
2023-11-20 12:10:18.657 GMT,231120005000006N,AF:14:2E:1D:00:00:00:00,00:00:00:00:50:45:80:05:29:23:05:31:09:32:54,KEY_11,No Error [code=0x00],Not Applicable (M1-M2-M3 Generation)
2023-11-20 12:10:18.683 GMT,231120005000006N,AF:14:2E:1D:00:00:00:00,00:00:00:00:50:45:80:05:29:23:05:31:09:32:54,KEY_12,No Error [code=0x00],Not Applicable (M1-M2-M3 Generation)
2023-11-20 12:10:18.708 GMT,231120005000006N,AF:14:2E:1D:00:00:00:00,00:00:00:00:50:45:80:05:29:23:05:31:09:32:54,KEY_13,No Error [code=0x00],Not Applicable (M1-M2-M3 Generation)
2023-11-20 12:10:18.969 GMT,231120005000006N,AF:14:2E:1D:00:00:00:00,00:00:00:00:50:45:80:05:29:23:05:31:09:32:54,KEY_14,No Error [code=0x00],Not Applicable (M1-M2-M3 Generation)
2023-11-20 12:10:19.209 GMT,231120005000006N,AF:14:2E:1D:00:00:00:00,00:00:00:00:50:45:80:05:29:23:05:31:09:32:54,KEY_15,No Error [code=0x00],Not Applicable (M1-M2-M3 Generation)
2023-11-20 12:10:19.428 GMT,231120005000006N,AF:14:2E:1D:00:00:00:00,00:00:00:00:50:45:80:05:29:23:05:31:09:32:54,KEY_16,No Error [code=0x00],Not Applicable (M1-M2-M3 Generation)
2023-11-20 12:10:19.626 GMT,231120005000006N,AF:14:2E:1D:00:00:00:00,00:00:00:00:50:45:80:05:29:23:05:31:09:32:54,KEY_17,No Error [code=0x00],Not Applicable (M1-M2-M3 Generation)
2023-11-20 14:52:23.391 GMT,231120005009006N,AF:14:2E:1D:00:00:00:00,00:00:00:00:50:45:80:03:25:24:05:31:09:32:54,MASTER_ECU_KEY,No Error [code=0x00],Not Applicable (M1-M2-M3 Generation)
2023-11-20 14:52:23.416 GMT,231120005009006N,AF:14:2E:1D:00:00:00:00,00:00:00:00:50:45:80:03:25:24:05:31:09:32:54,BOOT_MAC_KEY,No Error [code=0x00],Not Applicable (M1-M2-M3 Generation)
2023-11-20 14:52:23.688 GMT,231120005009006N,AF:14:2E:1D:00:00:00:00,00:00:00:00:50:45:80:03:25:24:05:31:09:32:54,KEY_1,No Error [code=0x00],Not Applicable (M1-M2-M3 Generation)
2023-11-20 14:52:23.958 GMT,231120005009006N,AF:14:2E:1D:00:00:00:00,00:00:00:00:50:45:80:03:25:24:05:31:09:32:54,KEY_2,No Error [code=0x00],Not Applicable (M1-M2-M3 Generation)
2023-11-20 14:52:24.228 GMT,231120005009006N,AF:14:2E:1D:00:00:00:00,00:00:00:00:50:45:80:03:25:24:05:31:09:32:54,KEY_3,No Error [code=0x00],Not Applicable (M1-M2-M3 Generation)
2023-11-20 14:52:24.499 GMT,231120005009006N,AF:14:2E:1D:00:00:00:00,00:00:00:00:50:45:80:03:25:24:05:31:09:32:54,KEY_4,No Error [code=0x00],Not Applicable (M1-M2-M3 Generation)
2023-11-20 14:52:24.771 GMT,231120005009006N,AF:14:2E:1D:00:00:00:00,00:00:00:00:50:45:80:03:25:24:05:31:09:32:54,KEY_5,No Error [code=0x00],Not Applicable (M1-M2-M3 Generation)
2023-11-20 14:52:25.040 GMT,231120005009006N,AF:14:2E:1D:00:00:00:00,00:00:00:00:50:45:80:03:25:24:05:31:09:32:54,KEY_6,No Error [code=0x00],Not Applicable (M1-M2-M3 Generation)
2023-11-20 14:52:25.310 GMT,231120005009006N,AF:14:2E:1D:00:00:00:00,00:00:00:00:50:45:80:03:25:24:05:31:09:32:54,KEY_7,No Error [code=0x00],Not Applicable (M1-M2-M3 Generation)
2023-11-20 14:52:25.581 GMT,231120005009006N,AF:14:2E:1D:00:00:00:00,00:00:00:00:50:45:80:03:25:24:05:31:09:32:54,KEY_8,No Error [code=0x00],Not Applicable (M1-M2-M3 Generation)
2023-11-20 14:52:25.582 GMT,231120005009006N,AF:14:2E:1D:00:00:00:00,00:00:00:00:50:45:80:03:25:24:05:31:09:32:54,KEY_9,No Error [code=0x00],Not Applicable (M1-M2-M3 Generation)
2023-11-20 14:52:25.854 GMT,231120005009006N,AF:14:2E:1D:00:00:00:00,00:00:00:00:50:45:80:03:25:24:05:31:09:32:54,KEY_10,No Error [code=0x00],Not Applicable (M1-M2-M3 Generation)
2023-11-20 14:52:26.125 GMT,231120005009006N,AF:14:2E:1D:00:00:00:00,00:00:00:00:50:45:80:03:25:24:05:31:09:32:54,KEY_11,No Error [code=0x00],Not Applicable (M1-M2-M3 Generation)
2023-11-20 14:52:26.151 GMT,231120005009006N,AF:14:2E:1D:00:00:00:00,00:00:00:00:50:45:80:03:25:24:05:31:09:32:54,KEY_12,No Error [code=0x00],Not Applicable (M1-M2-M3 Generation)
2023-11-20 14:52:26.176 GMT,231120005009006N,AF:14:2E:1D:00:00:00:00,00:00:00:00:50:45:80:03:25:24:05:31:09:32:54,KEY_13,No Error [code=0x00],Not Applicable (M1-M2-M3 Generation)
2023-11-20 14:52:26.441 GMT,231120005009006N,AF:14:2E:1D:00:00:00:00,00:00:00:00:50:45:80:03:25:24:05:31:09:32:54,KEY_14,No Error [code=0x00],Not Applicable (M1-M2-M3 Generation)
2023-11-20 14:52:26.710 GMT,231120005009006N,AF:14:2E:1D:00:00:00:00,00:00:00:00:50:45:80:03:25:24:05:31:09:32:54,KEY_15,No Error [code=0x00],Not Applicable (M1-M2-M3 Generation)
2023-11-20 14:52:26.929 GMT,231120005009006N,AF:14:2E:1D:00:00:00:00,00:00:00:00:50:45:80:03:25:24:05:31:09:32:54,KEY_16,No Error [code=0x00],Not Applicable (M1-M2-M3 Generation)
2023-11-20 14:52:27.129 GMT,231120005009006N,AF:14:2E:1D:00:00:00:00,00:00:00:00:50:45:80:03:25:24:05:31:09:32:54,KEY_17,No Error [code=0x00],Not Applicable (M1-M2-M3 Generation)
2023-11-20 15:03:08.020 GMT,231121005000006N,AF:14:2E:1D:00:00:00:00,00:00:00:00:50:45:80:03:25:24:05:31:09:32:54,MASTER_ECU_KEY,No Error [code=0x00],Not Applicable (M1-M2-M3 Generation)
2023-11-20 15:03:08.045 GMT,231121005000006N,AF:14:2E:1D:00:00:00:00,00:00:00:00:50:45:80:03:25:24:05:31:09:32:54,BOOT_MAC_KEY,No Error [code=0x00],Not Applicable (M1-M2-M3 Generation)
2023-11-20 15:03:08.316 GMT,231121005000006N,AF:14:2E:1D:00:00:00:00,00:00:00:00:50:45:80:03:25:24:05:31:09:32:54,KEY_1,No Error [code=0x00],Not Applicable (M1-M2-M3 Generation)
2023-11-20 15:03:08.586 GMT,231121005000006N,AF:14:2E:1D:00:00:00:00,00:00:00:00:50:45:80:03:25:24:05:31:09:32:54,KEY_2,No Error [code=0x00],Not Applicable (M1-M2-M3 Generation)
2023-11-20 15:03:08.856 GMT,231121005000006N,AF:14:2E:1D:00:00:00:00,00:00:00:00:50:45:80:03:25:24:05:31:09:32:54,KEY_3,No Error [code=0x00],Not Applicable (M1-M2-M3 Generation)
2023-11-20 15:03:09.126 GMT,231121005000006N,AF:14:2E:1D:00:00:00:00,00:00:00:00:50:45:80:03:25:24:05:31:09:32:54,KEY_4,No Error [code=0x00],Not Applicable (M1-M2-M3 Generation)
2023-11-20 15:03:09.397 GMT,231121005000006N,AF:14:2E:1D:00:00:00:00,00:00:00:00:50:45:80:03:25:24:05:31:09:32:54,KEY_5,No Error [code=0x00],Not Applicable (M1-M2-M3 Generation)
2023-11-20 15:03:09.669 GMT,231121005000006N,AF:14:2E:1D:00:00:00:00,00:00:00:00:50:45:80:03:25:24:05:31:09:32:54,KEY_6,No Error [code=0x00],Not Applicable (M1-M2-M3 Generation)
2023-11-20 15:03:09.939 GMT,231121005000006N,AF:14:2E:1D:00:00:00:00,00:00:00:00:50:45:80:03:25:24:05:31:09:32:54,KEY_7,No Error [code=0x00],Not Applicable (M1-M2-M3 Generation)
2023-11-20 15:03:10.210 GMT,231121005000006N,AF:14:2E:1D:00:00:00:00,00:00:00:00:50:45:80:03:25:24:05:31:09:32:54,KEY_8,No Error [code=0x00],Not Applicable (M1-M2-M3 Generation)
2023-11-20 15:03:10.212 GMT,231121005000006N,AF:14:2E:1D:00:00:00:00,00:00:00:00:50:45:80:03:25:24:05:31:09:32:54,KEY_9,No Error [code=0x00],Not Applicable (M1-M2-M3 Generation)
2023-11-20 15:03:10.482 GMT,231121005000006N,AF:14:2E:1D:00:00:00:00,00:00:00:00:50:45:80:03:25:24:05:31:09:32:54,KEY_10,No Error [code=0x00],Not Applicable (M1-M2-M3 Generation)
2023-11-20 15:03:10.754 GMT,231121005000006N,AF:14:2E:1D:00:00:00:00,00:00:00:00:50:45:80:03:25:24:05:31:09:32:54,KEY_11,No Error [code=0x00],Not Applicable (M1-M2-M3 Generation)
2023-11-20 15:03:10.779 GMT,231121005000006N,AF:14:2E:1D:00:00:00:00,00:00:00:00:50:45:80:03:25:24:05:31:09:32:54,KEY_12,No Error [code=0x00],Not Applicable (M1-M2-M3 Generation)
2023-11-20 15:03:10.804 GMT,231121005000006N,AF:14:2E:1D:00:00:00:00,00:00:00:00:50:45:80:03:25:24:05:31:09:32:54,KEY_13,No Error [code=0x00],Not Applicable (M1-M2-M3 Generation)
2023-11-20 15:03:11.067 GMT,231121005000006N,AF:14:2E:1D:00:00:00:00,00:00:00:00:50:45:80:03:25:24:05:31:09:32:54,KEY_14,No Error [code=0x00],Not Applicable (M1-M2-M3 Generation)
2023-11-20 15:03:11.309 GMT,231121005000006N,AF:14:2E:1D:00:00:00:00,00:00:00:00:50:45:80:03:25:24:05:31:09:32:54,KEY_15,No Error [code=0x00],Not Applicable (M1-M2-M3 Generation)
2023-11-20 15:03:11.527 GMT,231121005000006N,AF:14:2E:1D:00:00:00:00,00:00:00:00:50:45:80:03:25:24:05:31:09:32:54,KEY_16,No Error [code=0x00],Not Applicable (M1-M2-M3 Generation)
2023-11-20 15:03:11.725 GMT,231121005000006N,AF:14:2E:1D:00:00:00:00,00:00:00:00:50:45:80:03:25:24:05:31:09:32:54,KEY_17,No Error [code=0x00],Not Applicable (M1-M2-M3 Generation)
2023-11-20 15:16:20.778 GMT,231121005002006N,AF:14:2E:1D:00:00:00:00,00:00:00:00:50:45:80:03:25:24:05:31:09:32:54,MASTER_ECU_KEY,No Error [code=0x00],Not Applicable (M1-M2-M3 Generation)
2023-11-20 15:16:20.803 GMT,231121005002006N,AF:14:2E:1D:00:00:00:00,00:00:00:00:50:45:80:03:25:24:05:31:09:32:54,BOOT_MAC_KEY,No Error [code=0x00],Not Applicable (M1-M2-M3 Generation)
2023-11-20 15:16:21.074 GMT,231121005002006N,AF:14:2E:1D:00:00:00:00,00:00:00:00:50:45:80:03:25:24:05:31:09:32:54,KEY_1,No Error [code=0x00],Not Applicable (M1-M2-M3 Generation)
2023-11-20 15:16:21.344 GMT,231121005002006N,AF:14:2E:1D:00:00:00:00,00:00:00:00:50:45:80:03:25:24:05:31:09:32:54,KEY_2,No Error [code=0x00],Not Applicable (M1-M2-M3 Generation)
2023-11-20 15:16:21.616 GMT,231121005002006N,AF:14:2E:1D:00:00:00:00,00:00:00:00:50:45:80:03:25:24:05:31:09:32:54,KEY_3,No Error [code=0x00],Not Applicable (M1-M2-M3 Generation)
2023-11-20 15:16:21.888 GMT,231121005002006N,AF:14:2E:1D:00:00:00:00,00:00:00:00:50:45:80:03:25:24:05:31:09:32:54,KEY_4,No Error [code=0x00],Not Applicable (M1-M2-M3 Generation)
2023-11-20 15:16:22.159 GMT,231121005002006N,AF:14:2E:1D:00:00:00:00,00:00:00:00:50:45:80:03:25:24:05:31:09:32:54,KEY_5,No Error [code=0x00],Not Applicable (M1-M2-M3 Generation)
2023-11-20 15:16:22.429 GMT,231121005002006N,AF:14:2E:1D:00:00:00:00,00:00:00:00:50:45:80:03:25:24:05:31:09:32:54,KEY_6,No Error [code=0x00],Not Applicable (M1-M2-M3 Generation)
2023-11-20 15:16:22.700 GMT,231121005002006N,AF:14:2E:1D:00:00:00:00,00:00:00:00:50:45:80:03:25:24:05:31:09:32:54,KEY_7,No Error [code=0x00],Not Applicable (M1-M2-M3 Generation)
2023-11-20 15:16:22.971 GMT,231121005002006N,AF:14:2E:1D:00:00:00:00,00:00:00:00:50:45:80:03:25:24:05:31:09:32:54,KEY_8,No Error [code=0x00],Not Applicable (M1-M2-M3 Generation)
2023-11-20 15:16:22.972 GMT,231121005002006N,AF:14:2E:1D:00:00:00:00,00:00:00:00:50:45:80:03:25:24:05:31:09:32:54,KEY_9,No Error [code=0x00],Not Applicable (M1-M2-M3 Generation)
2023-11-20 15:16:23.242 GMT,231121005002006N,AF:14:2E:1D:00:00:00:00,00:00:00:00:50:45:80:03:25:24:05:31:09:32:54,KEY_10,No Error [code=0x00],Not Applicable (M1-M2-M3 Generation)
2023-11-20 15:16:23.512 GMT,231121005002006N,AF:14:2E:1D:00:00:00:00,00:00:00:00:50:45:80:03:25:24:05:31:09:32:54,KEY_11,No Error [code=0x00],Not Applicable (M1-M2-M3 Generation)
2023-11-20 15:16:23.538 GMT,231121005002006N,AF:14:2E:1D:00:00:00:00,00:00:00:00:50:45:80:03:25:24:05:31:09:32:54,KEY_12,No Error [code=0x00],Not Applicable (M1-M2-M3 Generation)
2023-11-20 15:16:23.563 GMT,231121005002006N,AF:14:2E:1D:00:00:00:00,00:00:00:00:50:45:80:03:25:24:05:31:09:32:54,KEY_13,No Error [code=0x00],Not Applicable (M1-M2-M3 Generation)
2023-11-20 15:16:23.824 GMT,231121005002006N,AF:14:2E:1D:00:00:00:00,00:00:00:00:50:45:80:03:25:24:05:31:09:32:54,KEY_14,No Error [code=0x00],Not Applicable (M1-M2-M3 Generation)
2023-11-20 15:16:24.065 GMT,231121005002006N,AF:14:2E:1D:00:00:00:00,00:00:00:00:50:45:80:03:25:24:05:31:09:32:54,KEY_15,No Error [code=0x00],Not Applicable (M1-M2-M3 Generation)
2023-11-20 15:16:24.286 GMT,231121005002006N,AF:14:2E:1D:00:00:00:00,00:00:00:00:50:45:80:03:25:24:05:31:09:32:54,KEY_16,No Error [code=0x00],Not Applicable (M1-M2-M3 Generation)
2023-11-20 15:16:24.484 GMT,231121005002006N,AF:14:2E:1D:00:00:00:00,00:00:00:00:50:45:80:03:25:24:05:31:09:32:54,KEY_17,No Error [code=0x00],Not Applicable (M1-M2-M3 Generation)
2023-11-21 16:56:29.701 GMT,231122005000006N,AF:14:2E:1D:00:00:00:00,00:00:00:00:50:45:80:03:25:24:05:31:09:32:54,MASTER_ECU_KEY,No Error [code=0x00],Not Applicable (M1-M2-M3 Generation)
2023-11-21 16:56:29.727 GMT,231122005000006N,AF:14:2E:1D:00:00:00:00,00:00:00:00:50:45:80:03:25:24:05:31:09:32:54,BOOT_MAC_KEY,No Error [code=0x00],Not Applicable (M1-M2-M3 Generation)
2023-11-21 16:56:29.999 GMT,231122005000006N,AF:14:2E:1D:00:00:00:00,00:00:00:00:50:45:80:03:25:24:05:31:09:32:54,KEY_1,No Error [code=0x00],Not Applicable (M1-M2-M3 Generation)
2023-11-21 16:56:30.271 GMT,231122005000006N,AF:14:2E:1D:00:00:00:00,00:00:00:00:50:45:80:03:25:24:05:31:09:32:54,KEY_2,No Error [code=0x00],Not Applicable (M1-M2-M3 Generation)
2023-11-21 16:56:30.543 GMT,231122005000006N,AF:14:2E:1D:00:00:00:00,00:00:00:00:50:45:80:03:25:24:05:31:09:32:54,KEY_3,No Error [code=0x00],Not Applicable (M1-M2-M3 Generation)
2023-11-21 16:56:30.815 GMT,231122005000006N,AF:14:2E:1D:00:00:00:00,00:00:00:00:50:45:80:03:25:24:05:31:09:32:54,KEY_4,No Error [code=0x00],Not Applicable (M1-M2-M3 Generation)
2023-11-21 16:56:31.086 GMT,231122005000006N,AF:14:2E:1D:00:00:00:00,00:00:00:00:50:45:80:03:25:24:05:31:09:32:54,KEY_5,No Error [code=0x00],Not Applicable (M1-M2-M3 Generation)
2023-11-21 16:56:31.357 GMT,231122005000006N,AF:14:2E:1D:00:00:00:00,00:00:00:00:50:45:80:03:25:24:05:31:09:32:54,KEY_6,No Error [code=0x00],Not Applicable (M1-M2-M3 Generation)
2023-11-21 16:56:31.628 GMT,231122005000006N,AF:14:2E:1D:00:00:00:00,00:00:00:00:50:45:80:03:25:24:05:31:09:32:54,KEY_7,No Error [code=0x00],Not Applicable (M1-M2-M3 Generation)
2023-11-21 16:56:31.901 GMT,231122005000006N,AF:14:2E:1D:00:00:00:00,00:00:00:00:50:45:80:03:25:24:05:31:09:32:54,KEY_8,No Error [code=0x00],Not Applicable (M1-M2-M3 Generation)
2023-11-21 16:56:31.903 GMT,231122005000006N,AF:14:2E:1D:00:00:00:00,00:00:00:00:50:45:80:03:25:24:05:31:09:32:54,KEY_9,No Error [code=0x00],Not Applicable (M1-M2-M3 Generation)
2023-11-21 16:56:32.175 GMT,231122005000006N,AF:14:2E:1D:00:00:00:00,00:00:00:00:50:45:80:03:25:24:05:31:09:32:54,KEY_10,No Error [code=0x00],Not Applicable (M1-M2-M3 Generation)
2023-11-21 16:56:32.452 GMT,231122005000006N,AF:14:2E:1D:00:00:00:00,00:00:00:00:50:45:80:03:25:24:05:31:09:32:54,KEY_11,No Error [code=0x00],Not Applicable (M1-M2-M3 Generation)
2023-11-21 16:56:32.480 GMT,231122005000006N,AF:14:2E:1D:00:00:00:00,00:00:00:00:50:45:80:03:25:24:05:31:09:32:54,KEY_12,No Error [code=0x00],Not Applicable (M1-M2-M3 Generation)
2023-11-21 16:56:32.507 GMT,231122005000006N,AF:14:2E:1D:00:00:00:00,00:00:00:00:50:45:80:03:25:24:05:31:09:32:54,KEY_13,No Error [code=0x00],Not Applicable (M1-M2-M3 Generation)
2023-11-21 16:56:32.768 GMT,231122005000006N,AF:14:2E:1D:00:00:00:00,00:00:00:00:50:45:80:03:25:24:05:31:09:32:54,KEY_14,No Error [code=0x00],Not Applicable (M1-M2-M3 Generation)
2023-11-21 16:56:33.008 GMT,231122005000006N,AF:14:2E:1D:00:00:00:00,00:00:00:00:50:45:80:03:25:24:05:31:09:32:54,KEY_15,No Error [code=0x00],Not Applicable (M1-M2-M3 Generation)
2023-11-21 16:56:33.232 GMT,231122005000006N,AF:14:2E:1D:00:00:00:00,00:00:00:00:50:45:80:03:25:24:05:31:09:32:54,KEY_16,No Error [code=0x00],Not Applicable (M1-M2-M3 Generation)
2023-11-21 16:56:33.432 GMT,231122005000006N,AF:14:2E:1D:00:00:00:00,00:00:00:00:50:45:80:03:25:24:05:31:09:32:54,KEY_17,No Error [code=0x00],Not Applicable (M1-M2-M3 Generation)
2023-11-28 17:13:46.576 GMT,000000000000006N,AF:14:2E:1D:00:00:00:00,00:00:00:00:50:45:80:02:61:38:05:31:09:32:54,MASTER_ECU_KEY,No Error [code=0x00],Not Applicable (M1-M2-M3 Generation)
2023-11-28 17:13:46.603 GMT,000000000000006N,AF:14:2E:1D:00:00:00:00,00:00:00:00:50:45:80:02:61:38:05:31:09:32:54,BOOT_MAC_KEY,No Error [code=0x00],Not Applicable (M1-M2-M3 Generation)
2023-11-28 17:13:46.877 GMT,000000000000006N,AF:14:2E:1D:00:00:00:00,00:00:00:00:50:45:80:02:61:38:05:31:09:32:54,KEY_1,No Error [code=0x00],Not Applicable (M1-M2-M3 Generation)
2023-11-28 17:13:47.148 GMT,000000000000006N,AF:14:2E:1D:00:00:00:00,00:00:00:00:50:45:80:02:61:38:05:31:09:32:54,KEY_2,No Error [code=0x00],Not Applicable (M1-M2-M3 Generation)
2023-11-28 17:13:47.419 GMT,000000000000006N,AF:14:2E:1D:00:00:00:00,00:00:00:00:50:45:80:02:61:38:05:31:09:32:54,KEY_3,No Error [code=0x00],Not Applicable (M1-M2-M3 Generation)
2023-11-28 17:13:47.690 GMT,000000000000006N,AF:14:2E:1D:00:00:00:00,00:00:00:00:50:45:80:02:61:38:05:31:09:32:54,KEY_4,No Error [code=0x00],Not Applicable (M1-M2-M3 Generation)
2023-11-28 17:13:47.961 GMT,000000000000006N,AF:14:2E:1D:00:00:00:00,00:00:00:00:50:45:80:02:61:38:05:31:09:32:54,KEY_5,No Error [code=0x00],Not Applicable (M1-M2-M3 Generation)
2023-11-28 17:13:48.232 GMT,000000000000006N,AF:14:2E:1D:00:00:00:00,00:00:00:00:50:45:80:02:61:38:05:31:09:32:54,KEY_6,No Error [code=0x00],Not Applicable (M1-M2-M3 Generation)
2023-11-28 17:13:48.505 GMT,000000000000006N,AF:14:2E:1D:00:00:00:00,00:00:00:00:50:45:80:02:61:38:05:31:09:32:54,KEY_7,No Error [code=0x00],Not Applicable (M1-M2-M3 Generation)
2023-11-28 17:13:48.778 GMT,000000000000006N,AF:14:2E:1D:00:00:00:00,00:00:00:00:50:45:80:02:61:38:05:31:09:32:54,KEY_8,No Error [code=0x00],Not Applicable (M1-M2-M3 Generation)
2023-11-28 17:13:48.782 GMT,000000000000006N,AF:14:2E:1D:00:00:00:00,00:00:00:00:50:45:80:02:61:38:05:31:09:32:54,KEY_9,No Error [code=0x00],Not Applicable (M1-M2-M3 Generation)
2023-11-28 17:13:49.054 GMT,000000000000006N,AF:14:2E:1D:00:00:00:00,00:00:00:00:50:45:80:02:61:38:05:31:09:32:54,KEY_10,No Error [code=0x00],Not Applicable (M1-M2-M3 Generation)
2023-11-28 17:13:49.325 GMT,000000000000006N,AF:14:2E:1D:00:00:00:00,00:00:00:00:50:45:80:02:61:38:05:31:09:32:54,KEY_11,No Error [code=0x00],Not Applicable (M1-M2-M3 Generation)
2023-11-28 17:13:49.350 GMT,000000000000006N,AF:14:2E:1D:00:00:00:00,00:00:00:00:50:45:80:02:61:38:05:31:09:32:54,KEY_12,No Error [code=0x00],Not Applicable (M1-M2-M3 Generation)
2023-11-28 17:13:49.376 GMT,000000000000006N,AF:14:2E:1D:00:00:00:00,00:00:00:00:50:45:80:02:61:38:05:31:09:32:54,KEY_13,No Error [code=0x00],Not Applicable (M1-M2-M3 Generation)
2023-11-28 17:13:49.641 GMT,000000000000006N,AF:14:2E:1D:00:00:00:00,00:00:00:00:50:45:80:02:61:38:05:31:09:32:54,KEY_14,No Error [code=0x00],Not Applicable (M1-M2-M3 Generation)
2023-11-28 17:13:49.884 GMT,000000000000006N,AF:14:2E:1D:00:00:00:00,00:00:00:00:50:45:80:02:61:38:05:31:09:32:54,KEY_15,No Error [code=0x00],Not Applicable (M1-M2-M3 Generation)
2023-11-28 17:13:50.106 GMT,000000000000006N,AF:14:2E:1D:00:00:00:00,00:00:00:00:50:45:80:02:61:38:05:31:09:32:54,KEY_16,No Error [code=0x00],Not Applicable (M1-M2-M3 Generation)
2023-11-28 17:13:50.304 GMT,000000000000006N,AF:14:2E:1D:00:00:00:00,00:00:00:00:50:45:80:02:61:38:05:31:09:32:54,KEY_17,No Error [code=0x00],Not Applicable (M1-M2-M3 Generation)
2023-11-28 17:14:17.450 GMT,23112900500T006N,AF:14:2E:1D:00:00:00:00,00:00:00:00:50:45:80:02:61:38:05:31:09:32:54,MASTER_ECU_KEY,No Error [code=0x00],Not Applicable (M1-M2-M3 Generation)
2023-11-28 17:14:17.477 GMT,23112900500T006N,AF:14:2E:1D:00:00:00:00,00:00:00:00:50:45:80:02:61:38:05:31:09:32:54,BOOT_MAC_KEY,No Error [code=0x00],Not Applicable (M1-M2-M3 Generation)
2023-11-28 17:14:17.749 GMT,23112900500T006N,AF:14:2E:1D:00:00:00:00,00:00:00:00:50:45:80:02:61:38:05:31:09:32:54,KEY_1,No Error [code=0x00],Not Applicable (M1-M2-M3 Generation)
2023-11-28 17:14:18.020 GMT,23112900500T006N,AF:14:2E:1D:00:00:00:00,00:00:00:00:50:45:80:02:61:38:05:31:09:32:54,KEY_2,No Error [code=0x00],Not Applicable (M1-M2-M3 Generation)
2023-11-28 17:14:18.294 GMT,23112900500T006N,AF:14:2E:1D:00:00:00:00,00:00:00:00:50:45:80:02:61:38:05:31:09:32:54,KEY_3,No Error [code=0x00],Not Applicable (M1-M2-M3 Generation)
2023-11-28 17:14:18.565 GMT,23112900500T006N,AF:14:2E:1D:00:00:00:00,00:00:00:00:50:45:80:02:61:38:05:31:09:32:54,KEY_4,No Error [code=0x00],Not Applicable (M1-M2-M3 Generation)
2023-11-28 17:14:18.837 GMT,23112900500T006N,AF:14:2E:1D:00:00:00:00,00:00:00:00:50:45:80:02:61:38:05:31:09:32:54,KEY_5,No Error [code=0x00],Not Applicable (M1-M2-M3 Generation)
2023-11-28 17:14:19.109 GMT,23112900500T006N,AF:14:2E:1D:00:00:00:00,00:00:00:00:50:45:80:02:61:38:05:31:09:32:54,KEY_6,No Error [code=0x00],Not Applicable (M1-M2-M3 Generation)
2023-11-28 17:14:19.381 GMT,23112900500T006N,AF:14:2E:1D:00:00:00:00,00:00:00:00:50:45:80:02:61:38:05:31:09:32:54,KEY_7,No Error [code=0x00],Not Applicable (M1-M2-M3 Generation)
2023-11-28 17:14:19.653 GMT,23112900500T006N,AF:14:2E:1D:00:00:00:00,00:00:00:00:50:45:80:02:61:38:05:31:09:32:54,KEY_8,No Error [code=0x00],Not Applicable (M1-M2-M3 Generation)
2023-11-28 17:14:19.655 GMT,23112900500T006N,AF:14:2E:1D:00:00:00:00,00:00:00:00:50:45:80:02:61:38:05:31:09:32:54,KEY_9,No Error [code=0x00],Not Applicable (M1-M2-M3 Generation)
2023-11-28 17:14:19.927 GMT,23112900500T006N,AF:14:2E:1D:00:00:00:00,00:00:00:00:50:45:80:02:61:38:05:31:09:32:54,KEY_10,No Error [code=0x00],Not Applicable (M1-M2-M3 Generation)
2023-11-28 17:14:20.199 GMT,23112900500T006N,AF:14:2E:1D:00:00:00:00,00:00:00:00:50:45:80:02:61:38:05:31:09:32:54,KEY_11,No Error [code=0x00],Not Applicable (M1-M2-M3 Generation)
2023-11-28 17:14:20.225 GMT,23112900500T006N,AF:14:2E:1D:00:00:00:00,00:00:00:00:50:45:80:02:61:38:05:31:09:32:54,KEY_12,No Error [code=0x00],Not Applicable (M1-M2-M3 Generation)
2023-11-28 17:14:20.250 GMT,23112900500T006N,AF:14:2E:1D:00:00:00:00,00:00:00:00:50:45:80:02:61:38:05:31:09:32:54,KEY_13,No Error [code=0x00],Not Applicable (M1-M2-M3 Generation)
2023-11-28 17:14:20.512 GMT,23112900500T006N,AF:14:2E:1D:00:00:00:00,00:00:00:00:50:45:80:02:61:38:05:31:09:32:54,KEY_14,No Error [code=0x00],Not Applicable (M1-M2-M3 Generation)
2023-11-28 17:14:20.785 GMT,23112900500T006N,AF:14:2E:1D:00:00:00:00,00:00:00:00:50:45:80:02:61:38:05:31:09:32:54,KEY_15,No Error [code=0x00],Not Applicable (M1-M2-M3 Generation)
2023-11-28 17:14:21.004 GMT,23112900500T006N,AF:14:2E:1D:00:00:00:00,00:00:00:00:50:45:80:02:61:38:05:31:09:32:54,KEY_16,No Error [code=0x00],Not Applicable (M1-M2-M3 Generation)
2023-11-28 17:14:21.204 GMT,23112900500T006N,AF:14:2E:1D:00:00:00:00,00:00:00:00:50:45:80:02:61:38:05:31:09:32:54,KEY_17,No Error [code=0x00],Not Applicable (M1-M2-M3 Generation)
2023-11-28 17:40:08.841 GMT,23112900500T006N,AF:14:2E:1D:00:00:00:00,73:01:01:02:00:00:1B:00:00:00:87:05:00:82:00,MASTER_ECU_KEY,No Error [code=0x00],Not Applicable (ECU Lock Passwords Derivation)
2023-11-28 17:47:07.771 GMT,23112900500T006N,AF:14:2E:1D:00:00:00:00,7C:00:00:00:00:00:1B:00:00:00:87:05:00:82:FC,MASTER_ECU_KEY,No Error [code=0x00],Not Applicable (ECU Lock Passwords Derivation)
2023-11-28 17:49:34.260 GMT,23112900500T006N,AF:14:2E:1D:00:00:00:00,33:01:00:00:00:00:1B:00:00:00:87:05:00:82:0C,MASTER_ECU_KEY,No Error [code=0x00],Not Applicable (ECU Lock Passwords Derivation)
2023-11-28 17:52:12.979 GMT,23112900500T006N,AF:14:2E:1D:00:00:00:00,00:00:C8:2B:A5:00:C8:62:A5:00:87:05:00:82:1B,MASTER_ECU_KEY,No Error [code=0x00],Not Applicable (ECU Lock Passwords Derivation)
2023-11-28 17:54:14.758 GMT,23112900500T006N,AF:14:2E:1D:00:00:00:00,00:00:34:F4:9F:00:08:65:CB:00:3F:05:00:3A:1B,MASTER_ECU_KEY,No Error [code=0x00],Not Applicable (ECU Lock Passwords Derivation)
2023-11-28 17:55:22.526 GMT,23112900500T006N,AF:14:2E:1D:00:00:00:00,E7:00:01:02:00:00:1B:00:00:00:87:05:00:82:00,MASTER_ECU_KEY,No Error [code=0x00],Not Applicable (ECU Lock Passwords Derivation)
2023-11-28 17:58:58.714 GMT,23112900500T006N,AF:14:2E:1D:00:00:00:00,00:00:84:F8:E0:00:08:65:A1:00:3F:05:00:3A:1B,MASTER_ECU_KEY,No Error [code=0x00],Not Applicable (ECU Lock Passwords Derivation)
2023-11-28 18:02:06.391 GMT,23112900500T006N,AF:14:2E:1D:00:00:00:00,00:00:C8:2B:A5:00:C8:62:A5:00:87:05:00:82:1B,MASTER_ECU_KEY,No Error [code=0x00],Not Applicable (ECU Lock Passwords Derivation)
2023-11-28 18:03:01.741 GMT,23112900500V006N,AF:14:2E:1D:00:00:00:00,00:00:00:00:50:45:80:02:61:38:05:31:09:32:54,MASTER_ECU_KEY,No Error [code=0x00],Not Applicable (M1-M2-M3 Generation)
2023-11-28 18:03:01.770 GMT,23112900500V006N,AF:14:2E:1D:00:00:00:00,00:00:00:00:50:45:80:02:61:38:05:31:09:32:54,BOOT_MAC_KEY,No Error [code=0x00],Not Applicable (M1-M2-M3 Generation)
2023-11-28 18:03:02.042 GMT,23112900500V006N,AF:14:2E:1D:00:00:00:00,00:00:00:00:50:45:80:02:61:38:05:31:09:32:54,KEY_1,No Error [code=0x00],Not Applicable (M1-M2-M3 Generation)
2023-11-28 18:03:02.320 GMT,23112900500V006N,AF:14:2E:1D:00:00:00:00,00:00:00:00:50:45:80:02:61:38:05:31:09:32:54,KEY_2,No Error [code=0x00],Not Applicable (M1-M2-M3 Generation)
2023-11-28 18:03:02.592 GMT,23112900500V006N,AF:14:2E:1D:00:00:00:00,00:00:00:00:50:45:80:02:61:38:05:31:09:32:54,KEY_3,No Error [code=0x00],Not Applicable (M1-M2-M3 Generation)
2023-11-28 18:03:02.866 GMT,23112900500V006N,AF:14:2E:1D:00:00:00:00,00:00:00:00:50:45:80:02:61:38:05:31:09:32:54,KEY_4,No Error [code=0x00],Not Applicable (M1-M2-M3 Generation)
2023-11-28 18:03:03.137 GMT,23112900500V006N,AF:14:2E:1D:00:00:00:00,00:00:00:00:50:45:80:02:61:38:05:31:09:32:54,KEY_5,No Error [code=0x00],Not Applicable (M1-M2-M3 Generation)
2023-11-28 18:03:03.408 GMT,23112900500V006N,AF:14:2E:1D:00:00:00:00,00:00:00:00:50:45:80:02:61:38:05:31:09:32:54,KEY_6,No Error [code=0x00],Not Applicable (M1-M2-M3 Generation)
2023-11-28 18:03:03.680 GMT,23112900500V006N,AF:14:2E:1D:00:00:00:00,00:00:00:00:50:45:80:02:61:38:05:31:09:32:54,KEY_7,No Error [code=0x00],Not Applicable (M1-M2-M3 Generation)
2023-11-28 18:03:03.951 GMT,23112900500V006N,AF:14:2E:1D:00:00:00:00,00:00:00:00:50:45:80:02:61:38:05:31:09:32:54,KEY_8,No Error [code=0x00],Not Applicable (M1-M2-M3 Generation)
2023-11-28 18:03:03.953 GMT,23112900500V006N,AF:14:2E:1D:00:00:00:00,00:00:00:00:50:45:80:02:61:38:05:31:09:32:54,KEY_9,No Error [code=0x00],Not Applicable (M1-M2-M3 Generation)
2023-11-28 18:03:04.225 GMT,23112900500V006N,AF:14:2E:1D:00:00:00:00,00:00:00:00:50:45:80:02:61:38:05:31:09:32:54,KEY_10,No Error [code=0x00],Not Applicable (M1-M2-M3 Generation)
2023-11-28 18:03:04.496 GMT,23112900500V006N,AF:14:2E:1D:00:00:00:00,00:00:00:00:50:45:80:02:61:38:05:31:09:32:54,KEY_11,No Error [code=0x00],Not Applicable (M1-M2-M3 Generation)
2023-11-28 18:03:04.523 GMT,23112900500V006N,AF:14:2E:1D:00:00:00:00,00:00:00:00:50:45:80:02:61:38:05:31:09:32:54,KEY_12,No Error [code=0x00],Not Applicable (M1-M2-M3 Generation)
2023-11-28 18:03:04.548 GMT,23112900500V006N,AF:14:2E:1D:00:00:00:00,00:00:00:00:50:45:80:02:61:38:05:31:09:32:54,KEY_13,No Error [code=0x00],Not Applicable (M1-M2-M3 Generation)
2023-11-28 18:03:04.811 GMT,23112900500V006N,AF:14:2E:1D:00:00:00:00,00:00:00:00:50:45:80:02:61:38:05:31:09:32:54,KEY_14,No Error [code=0x00],Not Applicable (M1-M2-M3 Generation)
2023-11-28 18:03:05.055 GMT,23112900500V006N,AF:14:2E:1D:00:00:00:00,00:00:00:00:50:45:80:02:61:38:05:31:09:32:54,KEY_15,No Error [code=0x00],Not Applicable (M1-M2-M3 Generation)
2023-11-28 18:03:05.276 GMT,23112900500V006N,AF:14:2E:1D:00:00:00:00,00:00:00:00:50:45:80:02:61:38:05:31:09:32:54,KEY_16,No Error [code=0x00],Not Applicable (M1-M2-M3 Generation)
2023-11-28 18:03:05.477 GMT,23112900500V006N,AF:14:2E:1D:00:00:00:00,00:00:00:00:50:45:80:02:61:38:05:31:09:32:54,KEY_17,No Error [code=0x00],Not Applicable (M1-M2-M3 Generation)
2023-11-28 18:04:13.451 GMT,23112900500V006N,AF:14:2E:1D:00:00:00:00,9C:00:01:02:00:00:1B:00:00:00:87:05:00:82:00,MASTER_ECU_KEY,No Error [code=0x00],Not Applicable (ECU Lock Passwords Derivation)
2023-11-28 18:09:00.786 GMT,23112900500V006N,AF:14:2E:1D:00:00:00:00,00:00:C4:F6:9F:00:C8:62:D6:00:87:05:00:82:1B,MASTER_ECU_KEY,No Error [code=0x00],Not Applicable (ECU Lock Passwords Derivation)
2023-11-28 18:11:49.700 GMT,23112900500V006N,AF:14:2E:1D:00:00:00:00,00:00:C8:2B:F3:00:08:65:F3:00:3F:05:00:3A:1B,MASTER_ECU_KEY,No Error [code=0x00],Not Applicable (ECU Lock Passwords Derivation)
2023-11-28 18:13:41.898 GMT,23112900500V006N,AF:14:2E:1D:00:00:00:00,FE:00:01:02:00:00:1B:00:00:00:87:05:00:82:00,MASTER_ECU_KEY,No Error [code=0x00],Not Applicable (ECU Lock Passwords Derivation)
2023-11-28 18:17:11.477 GMT,23112900500V006N,AF:14:2E:1D:00:00:00:00,A1:00:00:00:00:00:1B:00:00:00:87:05:00:82:5C,MASTER_ECU_KEY,No Error [code=0x00],Not Applicable (ECU Lock Passwords Derivation)
2023-11-28 18:18:02.435 GMT,23112900500W006N,AF:14:2E:1D:00:00:00:00,00:00:00:00:50:45:80:02:61:38:05:31:09:32:54,MASTER_ECU_KEY,No Error [code=0x00],Not Applicable (M1-M2-M3 Generation)
2023-11-28 18:18:02.461 GMT,23112900500W006N,AF:14:2E:1D:00:00:00:00,00:00:00:00:50:45:80:02:61:38:05:31:09:32:54,BOOT_MAC_KEY,No Error [code=0x00],Not Applicable (M1-M2-M3 Generation)
2023-11-28 18:18:02.733 GMT,23112900500W006N,AF:14:2E:1D:00:00:00:00,00:00:00:00:50:45:80:02:61:38:05:31:09:32:54,KEY_1,No Error [code=0x00],Not Applicable (M1-M2-M3 Generation)
2023-11-28 18:18:03.004 GMT,23112900500W006N,AF:14:2E:1D:00:00:00:00,00:00:00:00:50:45:80:02:61:38:05:31:09:32:54,KEY_2,No Error [code=0x00],Not Applicable (M1-M2-M3 Generation)
2023-11-28 18:18:03.276 GMT,23112900500W006N,AF:14:2E:1D:00:00:00:00,00:00:00:00:50:45:80:02:61:38:05:31:09:32:54,KEY_3,No Error [code=0x00],Not Applicable (M1-M2-M3 Generation)
2023-11-28 18:18:03.550 GMT,23112900500W006N,AF:14:2E:1D:00:00:00:00,00:00:00:00:50:45:80:02:61:38:05:31:09:32:54,KEY_4,No Error [code=0x00],Not Applicable (M1-M2-M3 Generation)
2023-11-28 18:18:03.821 GMT,23112900500W006N,AF:14:2E:1D:00:00:00:00,00:00:00:00:50:45:80:02:61:38:05:31:09:32:54,KEY_5,No Error [code=0x00],Not Applicable (M1-M2-M3 Generation)
2023-11-28 18:18:04.093 GMT,23112900500W006N,AF:14:2E:1D:00:00:00:00,00:00:00:00:50:45:80:02:61:38:05:31:09:32:54,KEY_6,No Error [code=0x00],Not Applicable (M1-M2-M3 Generation)
2023-11-28 18:18:04.364 GMT,23112900500W006N,AF:14:2E:1D:00:00:00:00,00:00:00:00:50:45:80:02:61:38:05:31:09:32:54,KEY_7,No Error [code=0x00],Not Applicable (M1-M2-M3 Generation)
2023-11-28 18:18:04.637 GMT,23112900500W006N,AF:14:2E:1D:00:00:00:00,00:00:00:00:50:45:80:02:61:38:05:31:09:32:54,KEY_8,No Error [code=0x00],Not Applicable (M1-M2-M3 Generation)
2023-11-28 18:18:04.639 GMT,23112900500W006N,AF:14:2E:1D:00:00:00:00,00:00:00:00:50:45:80:02:61:38:05:31:09:32:54,KEY_9,No Error [code=0x00],Not Applicable (M1-M2-M3 Generation)
2023-11-28 18:18:04.909 GMT,23112900500W006N,AF:14:2E:1D:00:00:00:00,00:00:00:00:50:45:80:02:61:38:05:31:09:32:54,KEY_10,No Error [code=0x00],Not Applicable (M1-M2-M3 Generation)
2023-11-28 18:18:05.183 GMT,23112900500W006N,AF:14:2E:1D:00:00:00:00,00:00:00:00:50:45:80:02:61:38:05:31:09:32:54,KEY_11,No Error [code=0x00],Not Applicable (M1-M2-M3 Generation)
2023-11-28 18:18:05.211 GMT,23112900500W006N,AF:14:2E:1D:00:00:00:00,00:00:00:00:50:45:80:02:61:38:05:31:09:32:54,KEY_12,No Error [code=0x00],Not Applicable (M1-M2-M3 Generation)
2023-11-28 18:18:05.238 GMT,23112900500W006N,AF:14:2E:1D:00:00:00:00,00:00:00:00:50:45:80:02:61:38:05:31:09:32:54,KEY_13,No Error [code=0x00],Not Applicable (M1-M2-M3 Generation)
2023-11-28 18:18:05.500 GMT,23112900500W006N,AF:14:2E:1D:00:00:00:00,00:00:00:00:50:45:80:02:61:38:05:31:09:32:54,KEY_14,No Error [code=0x00],Not Applicable (M1-M2-M3 Generation)
2023-11-28 18:18:05.743 GMT,23112900500W006N,AF:14:2E:1D:00:00:00:00,00:00:00:00:50:45:80:02:61:38:05:31:09:32:54,KEY_15,No Error [code=0x00],Not Applicable (M1-M2-M3 Generation)
2023-11-28 18:18:05.963 GMT,23112900500W006N,AF:14:2E:1D:00:00:00:00,00:00:00:00:50:45:80:02:61:38:05:31:09:32:54,KEY_16,No Error [code=0x00],Not Applicable (M1-M2-M3 Generation)
2023-11-28 18:18:06.163 GMT,23112900500W006N,AF:14:2E:1D:00:00:00:00,00:00:00:00:50:45:80:02:61:38:05:31:09:32:54,KEY_17,No Error [code=0x00],Not Applicable (M1-M2-M3 Generation)
2023-11-28 18:22:45.282 GMT,23112900500Z006N,AF:14:2E:1D:00:00:00:00,00:00:00:00:50:45:80:02:61:38:05:31:09:32:54,MASTER_ECU_KEY,No Error [code=0x00],Not Applicable (M1-M2-M3 Generation)
2023-11-28 18:22:45.306 GMT,23112900500Z006N,AF:14:2E:1D:00:00:00:00,00:00:00:00:50:45:80:02:61:38:05:31:09:32:54,BOOT_MAC_KEY,No Error [code=0x00],Not Applicable (M1-M2-M3 Generation)
2023-11-28 18:22:45.577 GMT,23112900500Z006N,AF:14:2E:1D:00:00:00:00,00:00:00:00:50:45:80:02:61:38:05:31:09:32:54,KEY_1,No Error [code=0x00],Not Applicable (M1-M2-M3 Generation)
2023-11-28 18:22:45.849 GMT,23112900500Z006N,AF:14:2E:1D:00:00:00:00,00:00:00:00:50:45:80:02:61:38:05:31:09:32:54,KEY_2,No Error [code=0x00],Not Applicable (M1-M2-M3 Generation)
2023-11-28 18:22:46.121 GMT,23112900500Z006N,AF:14:2E:1D:00:00:00:00,00:00:00:00:50:45:80:02:61:38:05:31:09:32:54,KEY_3,No Error [code=0x00],Not Applicable (M1-M2-M3 Generation)
2023-11-28 18:22:46.392 GMT,23112900500Z006N,AF:14:2E:1D:00:00:00:00,00:00:00:00:50:45:80:02:61:38:05:31:09:32:54,KEY_4,No Error [code=0x00],Not Applicable (M1-M2-M3 Generation)
2023-11-28 18:22:46.664 GMT,23112900500Z006N,AF:14:2E:1D:00:00:00:00,00:00:00:00:50:45:80:02:61:38:05:31:09:32:54,KEY_5,No Error [code=0x00],Not Applicable (M1-M2-M3 Generation)
2023-11-28 18:22:46.936 GMT,23112900500Z006N,AF:14:2E:1D:00:00:00:00,00:00:00:00:50:45:80:02:61:38:05:31:09:32:54,KEY_6,No Error [code=0x00],Not Applicable (M1-M2-M3 Generation)
2023-11-28 18:22:47.209 GMT,23112900500Z006N,AF:14:2E:1D:00:00:00:00,00:00:00:00:50:45:80:02:61:38:05:31:09:32:54,KEY_7,No Error [code=0x00],Not Applicable (M1-M2-M3 Generation)
2023-11-28 18:22:47.481 GMT,23112900500Z006N,AF:14:2E:1D:00:00:00:00,00:00:00:00:50:45:80:02:61:38:05:31:09:32:54,KEY_8,No Error [code=0x00],Not Applicable (M1-M2-M3 Generation)
2023-11-28 18:22:47.483 GMT,23112900500Z006N,AF:14:2E:1D:00:00:00:00,00:00:00:00:50:45:80:02:61:38:05:31:09:32:54,KEY_9,No Error [code=0x00],Not Applicable (M1-M2-M3 Generation)
2023-11-28 18:22:47.754 GMT,23112900500Z006N,AF:14:2E:1D:00:00:00:00,00:00:00:00:50:45:80:02:61:38:05:31:09:32:54,KEY_10,No Error [code=0x00],Not Applicable (M1-M2-M3 Generation)
2023-11-28 18:22:48.026 GMT,23112900500Z006N,AF:14:2E:1D:00:00:00:00,00:00:00:00:50:45:80:02:61:38:05:31:09:32:54,KEY_11,No Error [code=0x00],Not Applicable (M1-M2-M3 Generation)
2023-11-28 18:22:48.052 GMT,23112900500Z006N,AF:14:2E:1D:00:00:00:00,00:00:00:00:50:45:80:02:61:38:05:31:09:32:54,KEY_12,No Error [code=0x00],Not Applicable (M1-M2-M3 Generation)
2023-11-28 18:22:48.079 GMT,23112900500Z006N,AF:14:2E:1D:00:00:00:00,00:00:00:00:50:45:80:02:61:38:05:31:09:32:54,KEY_13,No Error [code=0x00],Not Applicable (M1-M2-M3 Generation)
2023-11-28 18:22:48.342 GMT,23112900500Z006N,AF:14:2E:1D:00:00:00:00,00:00:00:00:50:45:80:02:61:38:05:31:09:32:54,KEY_14,No Error [code=0x00],Not Applicable (M1-M2-M3 Generation)
2023-11-28 18:22:48.584 GMT,23112900500Z006N,AF:14:2E:1D:00:00:00:00,00:00:00:00:50:45:80:02:61:38:05:31:09:32:54,KEY_15,No Error [code=0x00],Not Applicable (M1-M2-M3 Generation)
2023-11-28 18:22:48.804 GMT,23112900500Z006N,AF:14:2E:1D:00:00:00:00,00:00:00:00:50:45:80:02:61:38:05:31:09:32:54,KEY_16,No Error [code=0x00],Not Applicable (M1-M2-M3 Generation)
2023-11-28 18:22:49.004 GMT,23112900500Z006N,AF:14:2E:1D:00:00:00:00,00:00:00:00:50:45:80:02:61:38:05:31:09:32:54,KEY_17,No Error [code=0x00],Not Applicable (M1-M2-M3 Generation)
2023-11-28 18:29:19.030 GMT,23112900500Z006N,AF:14:2E:1D:00:00:00:00,00:00:D4:F6:1F:01:08:65:37:01:3F:05:00:3A:1B,MASTER_ECU_KEY,No Error [code=0x00],Not Applicable (ECU Lock Passwords Derivation)
2023-11-28 18:39:12.036 GMT,23112900500Z006N,AF:14:2E:1D:00:00:00:00,00:00:34:F5:E0:00:08:65:F6:00:3F:05:00:3A:1B,MASTER_ECU_KEY,No Error [code=0x00],Not Applicable (ECU Lock Passwords Derivation)
